2026-08-01 08:00:21 INFO  auth-service request completed in 605ms
2026-08-01 08:00:59 ERROR checkout-api upstream timeout after 319ms
2026-08-01 08:01:04 INFO  auth-service health check ok
2026-08-01 08:01:08 INFO  mailer request completed in 1823ms
2026-08-01 08:01:35 INFO  auth-service config reloaded
2026-08-01 08:02:12 INFO  auth-service config reloaded
2026-08-01 08:02:56 INFO  mailer background job finished
2026-08-01 08:03:12 INFO  auth-service cache hit for key user:5919
2026-08-01 08:03:59 INFO  search request completed in 979ms
2026-08-01 08:04:48 INFO  inventory health check ok
2026-08-01 08:05:25 INFO  inventory background job finished
2026-08-01 08:05:43 WARN  search slow query took 509ms
2026-08-01 08:06:29 ERROR search invalid payload rejected
2026-08-01 08:07:09 INFO  checkout-api cache hit for key user:3119
2026-08-01 08:07:35 INFO  search health check ok
2026-08-01 08:08:11 INFO  inventory background job finished
2026-08-01 08:08:23 INFO  auth-service cache hit for key user:8945
2026-08-01 08:08:42 INFO  checkout-api config reloaded
2026-08-01 08:09:22 INFO  checkout-api config reloaded
2026-08-01 08:09:29 WARN  search slow query took 1573ms
2026-08-01 08:09:40 INFO  checkout-api request completed in 850ms
2026-08-01 08:09:47 INFO  inventory request completed in 1715ms
2026-08-01 08:10:10 INFO  mailer request completed in 956ms
2026-08-01 08:10:41 INFO  inventory request completed in 2818ms
2026-08-01 08:11:15 INFO  checkout-api config reloaded
2026-08-01 08:11:35 INFO  checkout-api background job finished
2026-08-01 08:12:10 WARN  mailer connection pool at 92% capacity
2026-08-01 08:12:58 INFO  auth-service health check ok
2026-08-01 08:13:29 INFO  inventory config reloaded
2026-08-01 08:13:35 INFO  auth-service health check ok
2026-08-01 08:14:15 WARN  mailer deprecated endpoint called
2026-08-01 08:15:01 INFO  auth-service cache hit for key user:6447
2026-08-01 08:15:31 WARN  search slow query took 1313ms
2026-08-01 08:15:41 WARN  mailer retrying upstream call, attempt 3
2026-08-01 08:16:17 INFO  auth-service request completed in 1152ms
2026-08-01 08:16:19 INFO  inventory config reloaded
2026-08-01 08:16:46 INFO  auth-service background job finished
2026-08-01 08:16:55 INFO  mailer config reloaded
2026-08-01 08:16:56 INFO  auth-service health check ok
2026-08-01 08:17:30 INFO  mailer request completed in 477ms
2026-08-01 08:17:33 INFO  checkout-api config reloaded
2026-08-01 08:18:13 INFO  mailer cache hit for key user:8411
2026-08-01 08:18:29 WARN  mailer connection pool at 93% capacity
2026-08-01 08:18:37 INFO  search request completed in 1983ms
2026-08-01 08:19:20 WARN  inventory retrying upstream call, attempt 4
2026-08-01 08:19:50 INFO  auth-service request completed in 3274ms
2026-08-01 08:20:01 ERROR search disk write failed
2026-08-01 08:20:22 WARN  checkout-api slow query took 2780ms
2026-08-01 08:20:47 INFO  inventory background job finished
2026-08-01 08:20:53 INFO  inventory cache hit for key user:3122
2026-08-01 08:21:19 INFO  auth-service config reloaded
2026-08-01 08:21:23 INFO  auth-service request completed in 2215ms
2026-08-01 08:21:29 WARN  mailer slow query took 2178ms
2026-08-01 08:21:51 INFO  mailer background job finished
2026-08-01 08:22:02 INFO  inventory cache hit for key user:5997
2026-08-01 08:22:31 INFO  mailer background job finished
2026-08-01 08:22:32 WARN  checkout-api retrying upstream call, attempt 5
2026-08-01 08:23:15 WARN  search deprecated endpoint called
2026-08-01 08:23:37 WARN  auth-service retrying upstream call, attempt 2
2026-08-01 08:23:38 INFO  checkout-api background job finished
2026-08-01 08:24:21 ERROR search invalid payload rejected
2026-08-01 08:24:33 INFO  auth-service request completed in 2168ms
2026-08-01 08:24:54 INFO  auth-service background job finished
2026-08-01 08:25:16 INFO  search background job finished
2026-08-01 08:26:06 INFO  checkout-api request completed in 1190ms
2026-08-01 08:26:08 INFO  inventory cache hit for key user:9670
2026-08-01 08:26:33 INFO  inventory health check ok
2026-08-01 08:27:19 INFO  mailer config reloaded
2026-08-01 08:28:05 INFO  auth-service request completed in 1102ms
2026-08-01 08:28:34 INFO  mailer request completed in 2015ms
2026-08-01 08:29:04 WARN  checkout-api slow query took 553ms
2026-08-01 08:29:21 INFO  auth-service cache hit for key user:8542
2026-08-01 08:29:26 ERROR search invalid payload rejected
2026-08-01 08:29:36 INFO  inventory background job finished
2026-08-01 08:30:08 ERROR inventory connection refused to postgres
2026-08-01 08:30:27 INFO  search request completed in 1644ms
2026-08-01 08:30:29 INFO  inventory config reloaded
2026-08-01 08:30:43 INFO  checkout-api cache hit for key user:6890
2026-08-01 08:31:24 INFO  mailer request completed in 3003ms
2026-08-01 08:31:50 INFO  checkout-api health check ok
2026-08-01 08:32:17 INFO  inventory request completed in 2726ms
2026-08-01 08:32:43 ERROR checkout-api upstream timeout after 108ms
2026-08-01 08:32:48 INFO  search config reloaded
2026-08-01 08:32:52 INFO  inventory background job finished
2026-08-01 08:33:25 INFO  inventory background job finished
2026-08-01 08:34:01 INFO  auth-service request completed in 3377ms
2026-08-01 08:34:33 ERROR checkout-api token validation failed
2026-08-01 08:34:55 INFO  inventory background job finished
2026-08-01 08:35:31 INFO  search cache hit for key user:4405
2026-08-01 08:35:46 ERROR search disk write failed
2026-08-01 08:35:52 INFO  auth-service request completed in 2627ms
2026-08-01 08:36:29 WARN  auth-service deprecated endpoint called
2026-08-01 08:36:47 WARN  inventory deprecated endpoint called
2026-08-01 08:37:21 INFO  auth-service cache hit for key user:7549
2026-08-01 08:37:41 INFO  checkout-api health check ok
2026-08-01 08:38:07 WARN  mailer deprecated endpoint called
2026-08-01 08:38:17 ERROR mailer connection refused to postgres
2026-08-01 08:38:26 INFO  auth-service request completed in 2500ms
2026-08-01 08:39:07 WARN  search slow query took 826ms
2026-08-01 08:39:45 INFO  auth-service cache hit for key user:1171
2026-08-01 08:40:03 INFO  inventory cache hit for key user:9622
2026-08-01 08:40:19 ERROR checkout-api invalid payload rejected
2026-08-01 08:41:03 INFO  search cache hit for key user:7065
2026-08-01 08:41:06 INFO  inventory background job finished
2026-08-01 08:41:54 INFO  mailer health check ok
2026-08-01 08:42:24 INFO  auth-service background job finished
2026-08-01 08:42:56 ERROR search connection refused to postgres
2026-08-01 08:42:58 INFO  mailer request completed in 504ms
2026-08-01 08:43:44 INFO  inventory request completed in 1368ms
2026-08-01 08:44:26 INFO  mailer request completed in 2566ms
2026-08-01 08:44:55 INFO  auth-service request completed in 2304ms
2026-08-01 08:45:03 ERROR mailer upstream timeout after 3126ms
2026-08-01 08:45:09 WARN  checkout-api retrying upstream call, attempt 5
2026-08-01 08:45:30 INFO  inventory health check ok
2026-08-01 08:45:33 INFO  search request completed in 519ms
2026-08-01 08:46:12 INFO  inventory background job finished
2026-08-01 08:46:32 WARN  checkout-api slow query took 210ms
2026-08-01 08:47:18 ERROR search disk write failed
2026-08-01 08:47:50 INFO  auth-service background job finished
2026-08-01 08:48:20 WARN  inventory slow query took 1628ms
2026-08-01 08:48:47 INFO  checkout-api health check ok
2026-08-01 08:48:52 INFO  inventory cache hit for key user:7898
2026-08-01 08:49:04 INFO  auth-service health check ok
2026-08-01 08:49:23 INFO  inventory background job finished
2026-08-01 08:49:39 INFO  auth-service cache hit for key user:4084
2026-08-01 08:50:05 ERROR inventory token validation failed
2026-08-01 08:50:12 INFO  checkout-api cache hit for key user:7125
2026-08-01 08:50:27 INFO  checkout-api config reloaded
2026-08-01 08:50:39 INFO  search request completed in 878ms
2026-08-01 08:51:03 INFO  inventory cache hit for key user:1626
2026-08-01 08:51:24 WARN  search retrying upstream call, attempt 3
2026-08-01 08:51:56 INFO  mailer health check ok
2026-08-01 08:52:02 INFO  auth-service background job finished
2026-08-01 08:52:06 INFO  inventory background job finished
2026-08-01 08:52:48 INFO  auth-service health check ok
2026-08-01 08:53:16 WARN  checkout-api deprecated endpoint called
2026-08-01 08:53:17 INFO  checkout-api health check ok
2026-08-01 08:53:40 INFO  inventory cache hit for key user:2782
2026-08-01 08:54:29 INFO  auth-service request completed in 3966ms
2026-08-01 08:55:10 INFO  search config reloaded
2026-08-01 08:55:23 INFO  search cache hit for key user:7549
2026-08-01 08:55:46 INFO  checkout-api cache hit for key user:1624
2026-08-01 08:56:11 INFO  mailer background job finished
2026-08-01 08:56:36 INFO  inventory health check ok
2026-08-01 08:57:08 INFO  search config reloaded
2026-08-01 08:57:15 INFO  checkout-api health check ok
2026-08-01 08:57:48 INFO  checkout-api cache hit for key user:6140
2026-08-01 08:58:37 WARN  mailer retrying upstream call, attempt 2
2026-08-01 08:58:46 INFO  search cache hit for key user:2073
2026-08-01 08:59:35 INFO  inventory config reloaded
2026-08-01 09:00:08 INFO  search background job finished
2026-08-01 09:00:11 INFO  auth-service cache hit for key user:6371
2026-08-01 09:00:28 WARN  checkout-api slow query took 2959ms
2026-08-01 09:01:03 WARN  search connection pool at 98% capacity
2026-08-01 09:01:13 INFO  inventory request completed in 3635ms
2026-08-01 09:02:01 INFO  checkout-api config reloaded
2026-08-01 09:02:49 INFO  checkout-api background job finished
2026-08-01 09:02:58 INFO  search request completed in 194ms
2026-08-01 09:03:21 INFO  inventory background job finished
2026-08-01 09:03:30 INFO  auth-service health check ok
2026-08-01 09:04:16 INFO  auth-service request completed in 1197ms
2026-08-01 09:04:17 INFO  checkout-api config reloaded
2026-08-01 09:04:28 INFO  checkout-api config reloaded
2026-08-01 09:04:39 ERROR checkout-api connection refused to postgres
2026-08-01 09:04:52 INFO  mailer config reloaded
2026-08-01 09:05:12 ERROR checkout-api disk write failed
2026-08-01 09:05:18 INFO  search request completed in 2153ms
2026-08-01 09:05:40 INFO  inventory background job finished
2026-08-01 09:06:22 INFO  auth-service config reloaded
2026-08-01 09:07:10 ERROR auth-service invalid payload rejected
2026-08-01 09:07:26 ERROR search token validation failed
2026-08-01 09:07:54 INFO  auth-service background job finished
2026-08-01 09:08:05 INFO  auth-service request completed in 885ms
2026-08-01 09:08:50 INFO  checkout-api cache hit for key user:2111
2026-08-01 09:09:28 INFO  inventory config reloaded
2026-08-01 09:09:42 INFO  auth-service request completed in 728ms
2026-08-01 09:09:51 WARN  checkout-api retrying upstream call, attempt 4
2026-08-01 09:10:08 INFO  checkout-api background job finished
2026-08-01 09:10:41 ERROR search token validation failed
2026-08-01 09:11:15 INFO  checkout-api request completed in 1786ms
2026-08-01 09:11:43 INFO  checkout-api background job finished
2026-08-01 09:11:50 WARN  search retrying upstream call, attempt 4
2026-08-01 09:12:01 WARN  inventory retrying upstream call, attempt 2
2026-08-01 09:12:33 WARN  mailer connection pool at 92% capacity
2026-08-01 09:13:21 INFO  checkout-api request completed in 3059ms
2026-08-01 09:13:49 INFO  mailer health check ok
2026-08-01 09:14:28 INFO  mailer background job finished
2026-08-01 09:15:11 INFO  mailer cache hit for key user:8189
2026-08-01 09:15:26 INFO  auth-service cache hit for key user:4138
2026-08-01 09:16:15 INFO  mailer cache hit for key user:6350
2026-08-01 09:16:31 ERROR inventory invalid payload rejected
2026-08-01 09:16:56 ERROR auth-service invalid payload rejected
2026-08-01 09:17:03 INFO  checkout-api health check ok
2026-08-01 09:17:31 INFO  auth-service background job finished
2026-08-01 09:18:10 INFO  search cache hit for key user:7900
2026-08-01 09:18:25 INFO  auth-service health check ok
2026-08-01 09:18:52 WARN  auth-service retrying upstream call, attempt 5
2026-08-01 09:18:54 WARN  mailer retrying upstream call, attempt 5
2026-08-01 09:19:01 INFO  checkout-api cache hit for key user:4273
2026-08-01 09:19:38 INFO  search health check ok
2026-08-01 09:20:26 INFO  search cache hit for key user:9417
2026-08-01 09:20:49 INFO  checkout-api health check ok
2026-08-01 09:21:16 WARN  search connection pool at 89% capacity
2026-08-01 09:22:04 ERROR search token validation failed
2026-08-01 09:22:15 WARN  auth-service slow query took 1594ms
2026-08-01 09:22:38 INFO  search background job finished
2026-08-01 09:22:56 WARN  search deprecated endpoint called
2026-08-01 09:23:19 INFO  auth-service background job finished
2026-08-01 09:24:00 INFO  checkout-api background job finished
2026-08-01 09:24:06 WARN  mailer retrying upstream call, attempt 2
2026-08-01 09:24:11 INFO  inventory request completed in 1181ms
2026-08-01 09:24:34 INFO  auth-service health check ok
2026-08-01 09:25:06 INFO  auth-service health check ok
2026-08-01 09:25:21 INFO  auth-service config reloaded
2026-08-01 09:26:06 INFO  search cache hit for key user:3627
2026-08-01 09:26:51 INFO  mailer background job finished
2026-08-01 09:27:35 INFO  checkout-api background job finished
2026-08-01 09:27:42 INFO  mailer cache hit for key user:4495
2026-08-01 09:28:04 WARN  checkout-api connection pool at 89% capacity
2026-08-01 09:28:32 INFO  inventory config reloaded
2026-08-01 09:29:04 INFO  search background job finished
2026-08-01 09:29:12 INFO  inventory background job finished
2026-08-01 09:29:59 WARN  mailer slow query took 3276ms
2026-08-01 09:30:02 WARN  auth-service deprecated endpoint called
2026-08-01 09:30:12 WARN  mailer slow query took 1752ms
2026-08-01 09:30:19 WARN  auth-service deprecated endpoint called
2026-08-01 09:30:39 INFO  mailer background job finished
2026-08-01 09:30:41 INFO  search config reloaded
2026-08-01 09:31:31 INFO  search health check ok
2026-08-01 09:32:10 ERROR mailer upstream timeout after 3906ms
2026-08-01 09:32:52 INFO  search cache hit for key user:7995
2026-08-01 09:33:36 ERROR checkout-api connection refused to postgres
2026-08-01 09:33:38 INFO  inventory cache hit for key user:4070
2026-08-01 09:34:28 INFO  auth-service request completed in 2413ms
2026-08-01 09:34:32 INFO  checkout-api request completed in 664ms
2026-08-01 09:35:19 INFO  mailer health check ok
2026-08-01 09:36:06 INFO  search cache hit for key user:2912
2026-08-01 09:36:47 INFO  search health check ok
2026-08-01 09:36:51 ERROR mailer token validation failed
2026-08-01 09:37:11 INFO  mailer cache hit for key user:7346
2026-08-01 09:38:01 WARN  auth-service connection pool at 88% capacity
2026-08-01 09:38:29 INFO  auth-service request completed in 2375ms
2026-08-01 09:39:05 INFO  search request completed in 3983ms
2026-08-01 09:39:25 INFO  mailer health check ok
2026-08-01 09:40:14 WARN  checkout-api deprecated endpoint called
2026-08-01 09:40:29 INFO  search background job finished
2026-08-01 09:40:43 INFO  auth-service background job finished
2026-08-01 09:40:53 INFO  auth-service health check ok
2026-08-01 09:40:59 INFO  auth-service request completed in 2837ms
2026-08-01 09:41:02 ERROR auth-service token validation failed
2026-08-01 09:41:30 ERROR checkout-api token validation failed
2026-08-01 09:41:43 INFO  auth-service request completed in 429ms
2026-08-01 09:42:15 WARN  checkout-api deprecated endpoint called
2026-08-01 09:42:52 INFO  auth-service config reloaded
2026-08-01 09:43:16 ERROR auth-service upstream timeout after 1422ms
2026-08-01 09:43:20 WARN  mailer slow query took 2124ms
2026-08-01 09:43:27 INFO  auth-service request completed in 1641ms
2026-08-01 09:43:58 INFO  inventory health check ok
2026-08-01 09:44:09 INFO  search cache hit for key user:8666
2026-08-01 09:44:20 INFO  auth-service config reloaded
2026-08-01 09:44:45 INFO  checkout-api health check ok
2026-08-01 09:44:53 INFO  inventory cache hit for key user:3953
2026-08-01 09:45:03 ERROR search invalid payload rejected
2026-08-01 09:45:05 INFO  inventory background job finished
2026-08-01 09:45:12 INFO  inventory health check ok
2026-08-01 09:45:48 ERROR search connection refused to postgres
2026-08-01 09:46:05 WARN  auth-service slow query took 3208ms
2026-08-01 09:46:09 INFO  inventory request completed in 3633ms
2026-08-01 09:46:18 INFO  search config reloaded
2026-08-01 09:46:21 INFO  search config reloaded
2026-08-01 09:47:11 INFO  auth-service cache hit for key user:2432
2026-08-01 09:47:23 INFO  auth-service cache hit for key user:4314
2026-08-01 09:48:08 INFO  mailer request completed in 2859ms
2026-08-01 09:48:14 INFO  checkout-api health check ok
2026-08-01 09:48:51 INFO  inventory background job finished
2026-08-01 09:48:56 INFO  checkout-api cache hit for key user:7248
2026-08-01 09:49:03 INFO  search request completed in 1112ms
2026-08-01 09:49:18 INFO  mailer request completed in 2567ms
2026-08-01 09:49:25 INFO  auth-service config reloaded
2026-08-01 09:49:32 WARN  inventory retrying upstream call, attempt 2
2026-08-01 09:50:04 INFO  mailer background job finished
2026-08-01 09:50:13 INFO  mailer cache hit for key user:8570
2026-08-01 09:50:15 WARN  search slow query took 3253ms
2026-08-01 09:50:41 WARN  auth-service deprecated endpoint called
2026-08-01 09:51:15 ERROR auth-service invalid payload rejected
2026-08-01 09:51:22 INFO  mailer background job finished
2026-08-01 09:51:31 ERROR search disk write failed
2026-08-01 09:51:49 INFO  mailer config reloaded
2026-08-01 09:52:23 INFO  checkout-api request completed in 2367ms
2026-08-01 09:53:05 INFO  auth-service config reloaded
2026-08-01 09:53:40 INFO  auth-service config reloaded
2026-08-01 09:53:59 INFO  inventory request completed in 2364ms
2026-08-01 09:54:12 INFO  mailer health check ok
2026-08-01 09:54:14 INFO  auth-service cache hit for key user:7495
2026-08-01 09:54:25 INFO  auth-service background job finished
2026-08-01 09:54:44 WARN  checkout-api retrying upstream call, attempt 5
2026-08-01 09:55:18 ERROR search invalid payload rejected
2026-08-01 09:55:45 INFO  inventory cache hit for key user:5534
2026-08-01 09:56:03 INFO  auth-service request completed in 47ms
2026-08-01 09:56:29 INFO  mailer background job finished
2026-08-01 09:56:48 INFO  inventory health check ok
2026-08-01 09:57:13 INFO  search config reloaded
2026-08-01 09:57:38 INFO  mailer background job finished
2026-08-01 09:58:06 INFO  checkout-api background job finished
2026-08-01 09:58:46 INFO  search config reloaded
2026-08-01 09:58:49 INFO  mailer health check ok
2026-08-01 09:59:16 INFO  inventory config reloaded
2026-08-01 09:59:42 ERROR search token validation failed
2026-08-01 10:00:06 INFO  inventory request completed in 2556ms
2026-08-01 10:00:48 INFO  inventory config reloaded
2026-08-01 10:01:02 WARN  mailer deprecated endpoint called
2026-08-01 10:01:39 INFO  checkout-api request completed in 34ms
2026-08-01 10:02:05 INFO  checkout-api request completed in 1622ms
2026-08-01 10:02:42 WARN  inventory retrying upstream call, attempt 2
2026-08-01 10:02:53 INFO  mailer request completed in 249ms
2026-08-01 10:03:27 ERROR search token validation failed
2026-08-01 10:03:48 INFO  auth-service background job finished
2026-08-01 10:04:29 WARN  checkout-api slow query took 2870ms
2026-08-01 10:04:54 INFO  checkout-api health check ok
2026-08-01 10:05:10 INFO  auth-service cache hit for key user:6157
2026-08-01 10:05:30 INFO  search health check ok
2026-08-01 10:05:45 INFO  search health check ok
2026-08-01 10:05:56 INFO  inventory request completed in 2393ms
2026-08-01 10:06:18 WARN  mailer connection pool at 93% capacity
2026-08-01 10:06:41 INFO  mailer cache hit for key user:5646
2026-08-01 10:07:09 INFO  checkout-api request completed in 2808ms
2026-08-01 10:07:15 INFO  auth-service cache hit for key user:8652
2026-08-01 10:07:39 INFO  inventory health check ok
2026-08-01 10:08:12 INFO  auth-service health check ok
2026-08-01 10:08:36 INFO  mailer config reloaded
2026-08-01 10:09:20 INFO  mailer background job finished
2026-08-01 10:09:21 WARN  search retrying upstream call, attempt 3
2026-08-01 10:09:26 WARN  mailer connection pool at 82% capacity
2026-08-01 10:09:41 INFO  inventory health check ok
2026-08-01 10:10:31 ERROR auth-service upstream timeout after 254ms
2026-08-01 10:10:33 INFO  search health check ok
2026-08-01 10:10:41 WARN  inventory retrying upstream call, attempt 2
2026-08-01 10:10:52 INFO  search background job finished
2026-08-01 10:11:12 INFO  auth-service cache hit for key user:9532
2026-08-01 10:11:55 INFO  mailer request completed in 928ms
2026-08-01 10:12:34 ERROR checkout-api connection refused to postgres
2026-08-01 10:13:22 INFO  checkout-api health check ok
2026-08-01 10:13:50 ERROR search token validation failed
2026-08-01 10:14:18 WARN  mailer retrying upstream call, attempt 2
2026-08-01 10:14:35 INFO  auth-service cache hit for key user:5090
2026-08-01 10:14:58 INFO  inventory cache hit for key user:3247
2026-08-01 10:15:41 INFO  search cache hit for key user:9444
2026-08-01 10:16:23 INFO  inventory cache hit for key user:4944
2026-08-01 10:16:59 ERROR search upstream timeout after 1280ms
2026-08-01 10:17:07 INFO  inventory health check ok
2026-08-01 10:17:27 INFO  auth-service background job finished
2026-08-01 10:17:56 INFO  search background job finished
2026-08-01 10:18:26 INFO  search background job finished
2026-08-01 10:18:58 WARN  auth-service connection pool at 89% capacity
2026-08-01 10:19:39 WARN  mailer connection pool at 80% capacity
2026-08-01 10:19:41 ERROR search invalid payload rejected
2026-08-01 10:20:28 INFO  inventory background job finished
2026-08-01 10:20:43 INFO  inventory background job finished
2026-08-01 10:20:50 WARN  mailer deprecated endpoint called
2026-08-01 10:21:22 ERROR auth-service token validation failed
2026-08-01 10:21:31 WARN  search deprecated endpoint called
2026-08-01 10:21:44 INFO  auth-service request completed in 274ms
2026-08-01 10:22:03 INFO  checkout-api config reloaded
2026-08-01 10:22:04 WARN  auth-service retrying upstream call, attempt 2
2026-08-01 10:22:41 INFO  inventory health check ok
2026-08-01 10:23:11 ERROR search upstream timeout after 3299ms
2026-08-01 10:23:50 INFO  inventory health check ok
2026-08-01 10:24:12 WARN  mailer slow query took 1559ms
2026-08-01 10:24:22 INFO  mailer config reloaded
2026-08-01 10:24:51 INFO  search cache hit for key user:4323
2026-08-01 10:25:08 INFO  checkout-api background job finished
2026-08-01 10:25:43 INFO  mailer config reloaded
2026-08-01 10:25:52 INFO  mailer request completed in 848ms
2026-08-01 10:26:03 INFO  auth-service request completed in 1132ms
2026-08-01 10:26:19 INFO  checkout-api request completed in 1757ms
2026-08-01 10:27:05 INFO  auth-service request completed in 1663ms
2026-08-01 10:27:29 WARN  inventory slow query took 2106ms
2026-08-01 10:28:02 WARN  mailer deprecated endpoint called
2026-08-01 10:28:38 WARN  inventory slow query took 291ms
2026-08-01 10:28:51 INFO  search config reloaded
2026-08-01 10:28:59 WARN  checkout-api retrying upstream call, attempt 5
2026-08-01 10:29:37 INFO  inventory background job finished
2026-08-01 10:29:47 INFO  search request completed in 302ms
2026-08-01 10:30:29 INFO  mailer health check ok
2026-08-01 10:31:09 INFO  mailer background job finished
2026-08-01 10:31:49 INFO  checkout-api background job finished
2026-08-01 10:32:12 INFO  inventory config reloaded
2026-08-01 10:32:28 ERROR search token validation failed
2026-08-01 10:32:53 INFO  inventory background job finished
2026-08-01 10:33:29 ERROR checkout-api disk write failed
2026-08-01 10:33:39 INFO  checkout-api background job finished
2026-08-01 10:34:15 INFO  search background job finished
2026-08-01 10:34:31 INFO  inventory cache hit for key user:8424
2026-08-01 10:34:57 INFO  mailer cache hit for key user:3356
2026-08-01 10:35:14 INFO  mailer background job finished
2026-08-01 10:35:26 INFO  inventory health check ok
2026-08-01 10:35:47 INFO  auth-service background job finished
2026-08-01 10:36:33 INFO  checkout-api health check ok
2026-08-01 10:37:15 INFO  checkout-api request completed in 1068ms
2026-08-01 10:37:52 INFO  inventory request completed in 1553ms
2026-08-01 10:37:54 INFO  auth-service request completed in 3995ms
2026-08-01 10:37:58 ERROR search connection refused to postgres
2026-08-01 10:38:28 INFO  checkout-api background job finished
2026-08-01 10:39:14 INFO  inventory request completed in 1291ms
2026-08-01 10:40:04 INFO  checkout-api background job finished
2026-08-01 10:40:41 INFO  inventory config reloaded
2026-08-01 10:41:23 ERROR mailer disk write failed
2026-08-01 10:41:40 INFO  checkout-api request completed in 2981ms
2026-08-01 10:42:29 ERROR checkout-api token validation failed
2026-08-01 10:43:02 INFO  auth-service cache hit for key user:6990
2026-08-01 10:43:50 INFO  auth-service background job finished
2026-08-01 10:44:31 WARN  inventory deprecated endpoint called
2026-08-01 10:44:38 INFO  checkout-api health check ok
2026-08-01 10:45:03 ERROR search disk write failed
2026-08-01 10:45:20 INFO  search background job finished
2026-08-01 10:45:40 INFO  search config reloaded
2026-08-01 10:46:00 INFO  inventory request completed in 3989ms
2026-08-01 10:46:44 INFO  mailer health check ok
2026-08-01 10:46:47 INFO  search cache hit for key user:1400
2026-08-01 10:46:48 WARN  auth-service retrying upstream call, attempt 2
2026-08-01 10:47:18 INFO  search background job finished
2026-08-01 10:47:34 WARN  auth-service slow query took 322ms
2026-08-01 10:48:02 WARN  checkout-api slow query took 2604ms
2026-08-01 10:48:34 INFO  auth-service request completed in 1478ms
2026-08-01 10:49:07 INFO  checkout-api health check ok
2026-08-01 10:49:54 INFO  checkout-api cache hit for key user:5335
2026-08-01 10:49:57 INFO  auth-service health check ok
2026-08-01 10:50:42 INFO  checkout-api config reloaded
2026-08-01 10:51:30 INFO  inventory background job finished
2026-08-01 10:52:19 ERROR search upstream timeout after 55ms
2026-08-01 10:53:06 ERROR search upstream timeout after 963ms
2026-08-01 10:53:32 INFO  mailer health check ok
2026-08-01 10:54:20 INFO  search config reloaded
2026-08-01 10:55:06 INFO  checkout-api config reloaded
2026-08-01 10:55:49 WARN  auth-service connection pool at 96% capacity
2026-08-01 10:56:27 INFO  search cache hit for key user:9663
2026-08-01 10:56:41 INFO  mailer background job finished
2026-08-01 10:56:53 INFO  checkout-api background job finished
2026-08-01 10:57:38 INFO  inventory background job finished
2026-08-01 10:58:21 INFO  checkout-api background job finished
2026-08-01 10:59:08 INFO  auth-service cache hit for key user:3138
2026-08-01 10:59:42 INFO  auth-service config reloaded
2026-08-01 11:00:18 INFO  auth-service background job finished
2026-08-01 11:00:36 INFO  inventory background job finished
2026-08-01 11:00:49 INFO  auth-service background job finished
2026-08-01 11:01:13 WARN  checkout-api connection pool at 91% capacity
2026-08-01 11:01:29 ERROR search upstream timeout after 1581ms
2026-08-01 11:01:51 INFO  checkout-api health check ok
2026-08-01 11:02:33 INFO  checkout-api config reloaded
2026-08-01 11:03:04 WARN  auth-service deprecated endpoint called
2026-08-01 11:03:53 INFO  checkout-api cache hit for key user:9874
2026-08-01 11:04:29 WARN  inventory deprecated endpoint called
2026-08-01 11:05:06 INFO  checkout-api request completed in 1778ms
2026-08-01 11:05:52 INFO  inventory request completed in 3435ms
2026-08-01 11:06:33 INFO  auth-service cache hit for key user:4049
2026-08-01 11:06:50 INFO  checkout-api background job finished
2026-08-01 11:07:10 INFO  inventory health check ok
2026-08-01 11:07:23 INFO  auth-service config reloaded
2026-08-01 11:07:33 ERROR inventory invalid payload rejected
2026-08-01 11:07:34 INFO  mailer config reloaded
2026-08-01 11:08:03 INFO  inventory cache hit for key user:7651
2026-08-01 11:08:17 INFO  checkout-api request completed in 413ms
2026-08-01 11:08:49 INFO  auth-service config reloaded
2026-08-01 11:09:03 WARN  mailer retrying upstream call, attempt 2
2026-08-01 11:09:10 WARN  auth-service slow query took 3409ms
2026-08-01 11:09:54 INFO  search request completed in 1104ms
2026-08-01 11:10:13 WARN  auth-service connection pool at 90% capacity
2026-08-01 11:10:49 INFO  auth-service cache hit for key user:1539
2026-08-01 11:10:59 INFO  inventory config reloaded
2026-08-01 11:11:46 INFO  auth-service health check ok
2026-08-01 11:12:29 ERROR auth-service token validation failed
2026-08-01 11:12:31 ERROR search connection refused to postgres
2026-08-01 11:13:10 INFO  mailer request completed in 1661ms
2026-08-01 11:14:00 INFO  auth-service background job finished
2026-08-01 11:14:13 INFO  auth-service request completed in 1420ms
2026-08-01 11:14:44 INFO  auth-service background job finished
2026-08-01 11:15:31 INFO  mailer config reloaded
2026-08-01 11:15:34 INFO  checkout-api config reloaded
2026-08-01 11:16:11 INFO  inventory cache hit for key user:3780
2026-08-01 11:16:12 INFO  search background job finished
2026-08-01 11:16:22 INFO  search config reloaded
2026-08-01 11:16:33 INFO  mailer config reloaded
2026-08-01 11:16:59 INFO  mailer cache hit for key user:9762
2026-08-01 11:17:00 ERROR checkout-api disk write failed
2026-08-01 11:17:10 ERROR inventory disk write failed
2026-08-01 11:17:47 INFO  checkout-api config reloaded
2026-08-01 11:18:37 INFO  mailer request completed in 2025ms
2026-08-01 11:18:40 INFO  auth-service cache hit for key user:6604
2026-08-01 11:19:18 INFO  auth-service health check ok
2026-08-01 11:19:28 INFO  mailer cache hit for key user:3299
2026-08-01 11:19:43 INFO  inventory request completed in 35ms
2026-08-01 11:20:17 WARN  inventory slow query took 1642ms
2026-08-01 11:20:23 INFO  inventory health check ok
2026-08-01 11:20:27 ERROR search token validation failed
2026-08-01 11:20:47 INFO  mailer request completed in 569ms
2026-08-01 11:21:00 INFO  mailer cache hit for key user:1822
2026-08-01 11:21:41 WARN  inventory deprecated endpoint called
2026-08-01 11:22:09 INFO  inventory health check ok
2026-08-01 11:22:36 INFO  mailer cache hit for key user:9935
2026-08-01 11:22:59 ERROR search token validation failed
2026-08-01 11:23:17 INFO  auth-service health check ok
2026-08-01 11:23:31 INFO  checkout-api cache hit for key user:5447
2026-08-01 11:23:55 INFO  auth-service config reloaded
2026-08-01 11:24:28 INFO  mailer cache hit for key user:9637
2026-08-01 11:24:40 ERROR checkout-api disk write failed
2026-08-01 11:25:28 INFO  mailer cache hit for key user:7816
2026-08-01 11:26:08 INFO  inventory background job finished
2026-08-01 11:26:52 ERROR checkout-api disk write failed
2026-08-01 11:27:36 INFO  checkout-api health check ok
2026-08-01 11:28:24 INFO  search background job finished
2026-08-01 11:28:34 INFO  auth-service config reloaded
2026-08-01 11:29:22 INFO  mailer background job finished
2026-08-01 11:29:58 WARN  search deprecated endpoint called
2026-08-01 11:30:09 INFO  mailer request completed in 2856ms
2026-08-01 11:30:13 INFO  auth-service config reloaded
2026-08-01 11:30:33 ERROR search invalid payload rejected
2026-08-01 11:30:46 INFO  mailer health check ok
2026-08-01 11:31:12 INFO  inventory health check ok
2026-08-01 11:31:41 WARN  mailer retrying upstream call, attempt 3
2026-08-01 11:32:30 INFO  mailer config reloaded
2026-08-01 11:32:54 INFO  search background job finished
2026-08-01 11:32:57 WARN  mailer connection pool at 87% capacity
2026-08-01 11:33:02 INFO  mailer config reloaded
2026-08-01 11:33:44 ERROR auth-service connection refused to postgres
2026-08-01 11:34:10 ERROR search invalid payload rejected
2026-08-01 11:34:19 INFO  auth-service request completed in 3396ms
2026-08-01 11:35:02 INFO  auth-service health check ok
2026-08-01 11:35:17 INFO  auth-service background job finished
2026-08-01 11:35:59 WARN  search connection pool at 99% capacity
2026-08-01 11:36:13 INFO  auth-service background job finished
2026-08-01 11:36:18 WARN  checkout-api connection pool at 84% capacity
2026-08-01 11:36:47 INFO  inventory health check ok
2026-08-01 11:37:18 INFO  auth-service background job finished
2026-08-01 11:37:54 INFO  auth-service config reloaded
2026-08-01 11:38:27 INFO  inventory request completed in 2254ms
2026-08-01 11:38:52 ERROR mailer disk write failed
2026-08-01 11:39:14 INFO  inventory health check ok
2026-08-01 11:39:44 INFO  auth-service cache hit for key user:7600
2026-08-01 11:40:33 INFO  auth-service config reloaded
2026-08-01 11:41:23 INFO  inventory background job finished
2026-08-01 11:41:37 INFO  search config reloaded
2026-08-01 11:42:18 ERROR inventory invalid payload rejected
2026-08-01 11:42:45 WARN  checkout-api deprecated endpoint called
2026-08-01 11:43:09 INFO  search request completed in 2777ms
2026-08-01 11:43:16 INFO  mailer config reloaded
2026-08-01 11:43:59 ERROR checkout-api upstream timeout after 2291ms
2026-08-01 11:44:10 INFO  search request completed in 922ms
2026-08-01 11:44:11 INFO  checkout-api request completed in 1682ms
2026-08-01 11:44:33 INFO  mailer health check ok
2026-08-01 11:44:47 INFO  inventory request completed in 815ms
2026-08-01 11:45:17 INFO  mailer health check ok
2026-08-01 11:45:43 INFO  auth-service health check ok
2026-08-01 11:46:22 INFO  search cache hit for key user:1080
2026-08-01 11:47:10 INFO  auth-service request completed in 1999ms
2026-08-01 11:47:13 INFO  search cache hit for key user:1724
2026-08-01 11:47:16 INFO  auth-service health check ok
2026-08-01 11:47:50 INFO  auth-service background job finished
2026-08-01 11:47:55 INFO  checkout-api request completed in 4128ms
2026-08-01 11:48:38 INFO  mailer health check ok
2026-08-01 11:48:50 WARN  mailer deprecated endpoint called
2026-08-01 11:48:58 ERROR mailer token validation failed
2026-08-01 11:49:05 INFO  checkout-api background job finished
2026-08-01 11:49:44 ERROR mailer upstream timeout after 68ms
2026-08-01 11:49:52 INFO  mailer health check ok
2026-08-01 11:49:54 WARN  checkout-api slow query took 1118ms
2026-08-01 11:50:34 INFO  inventory cache hit for key user:5923
2026-08-01 11:50:55 INFO  search health check ok
2026-08-01 11:51:11 INFO  checkout-api request completed in 2803ms
2026-08-01 11:51:12 WARN  auth-service slow query took 1333ms
2026-08-01 11:51:40 INFO  inventory config reloaded
2026-08-01 11:52:14 INFO  checkout-api config reloaded
2026-08-01 11:52:28 WARN  inventory slow query took 2143ms
2026-08-01 11:53:08 WARN  search retrying upstream call, attempt 3
2026-08-01 11:53:25 INFO  checkout-api cache hit for key user:3326
2026-08-01 11:53:30 INFO  search request completed in 560ms
2026-08-01 11:53:54 INFO  checkout-api request completed in 4056ms
2026-08-01 11:54:06 INFO  checkout-api health check ok
2026-08-01 11:54:36 INFO  inventory cache hit for key user:7356
2026-08-01 11:54:50 INFO  inventory background job finished
2026-08-01 11:55:01 INFO  mailer background job finished
2026-08-01 11:55:08 INFO  checkout-api request completed in 1840ms
2026-08-01 11:55:09 WARN  inventory retrying upstream call, attempt 3
2026-08-01 11:55:33 INFO  inventory cache hit for key user:5068
2026-08-01 11:56:22 ERROR search connection refused to postgres
2026-08-01 11:56:46 INFO  auth-service health check ok
2026-08-01 11:57:29 ERROR search upstream timeout after 2320ms
2026-08-01 11:58:01 INFO  checkout-api config reloaded
2026-08-01 11:58:33 ERROR search upstream timeout after 3500ms
2026-08-01 11:58:46 INFO  checkout-api health check ok
2026-08-01 11:58:50 INFO  checkout-api health check ok
2026-08-01 11:59:18 INFO  mailer config reloaded
2026-08-01 11:59:25 INFO  checkout-api health check ok
2026-08-01 12:00:06 INFO  inventory background job finished
2026-08-01 12:00:37 INFO  inventory request completed in 212ms
2026-08-01 12:01:19 WARN  auth-service retrying upstream call, attempt 5
2026-08-01 12:02:07 WARN  checkout-api connection pool at 99% capacity
2026-08-01 12:02:37 INFO  checkout-api request completed in 2348ms
2026-08-01 12:02:57 INFO  inventory request completed in 3305ms
2026-08-01 12:03:21 INFO  search health check ok
2026-08-01 12:04:01 INFO  auth-service health check ok
2026-08-01 12:04:16 INFO  inventory cache hit for key user:7767
2026-08-01 12:04:40 INFO  auth-service request completed in 1280ms
2026-08-01 12:05:16 INFO  mailer cache hit for key user:4939
2026-08-01 12:05:43 WARN  auth-service retrying upstream call, attempt 3
2026-08-01 12:06:11 INFO  auth-service health check ok
2026-08-01 12:06:59 ERROR inventory disk write failed
2026-08-01 12:07:01 INFO  inventory cache hit for key user:7882
2026-08-01 12:07:26 WARN  inventory slow query took 3667ms
2026-08-01 12:08:04 WARN  inventory retrying upstream call, attempt 4
2026-08-01 12:08:29 WARN  auth-service connection pool at 96% capacity
2026-08-01 12:08:46 INFO  checkout-api request completed in 3876ms
2026-08-01 12:09:15 INFO  search cache hit for key user:6312
2026-08-01 12:09:21 INFO  auth-service health check ok
2026-08-01 12:09:46 ERROR search upstream timeout after 1835ms
2026-08-01 12:09:49 INFO  mailer health check ok
2026-08-01 12:10:19 INFO  inventory background job finished
2026-08-01 12:10:50 INFO  checkout-api cache hit for key user:7057
2026-08-01 12:11:26 INFO  auth-service config reloaded
2026-08-01 12:11:37 INFO  checkout-api config reloaded
2026-08-01 12:12:12 WARN  search connection pool at 85% capacity
2026-08-01 12:12:18 INFO  auth-service cache hit for key user:5343
2026-08-01 12:12:20 INFO  checkout-api request completed in 1636ms
2026-08-01 12:12:25 INFO  mailer background job finished
2026-08-01 12:12:29 INFO  checkout-api background job finished
2026-08-01 12:12:38 INFO  inventory health check ok
2026-08-01 12:13:23 INFO  search request completed in 1891ms
2026-08-01 12:13:30 INFO  checkout-api cache hit for key user:8674
2026-08-01 12:13:36 INFO  search cache hit for key user:4157
2026-08-01 12:14:17 INFO  search background job finished
2026-08-01 12:14:19 INFO  auth-service cache hit for key user:4464
2026-08-01 12:14:32 INFO  auth-service background job finished
2026-08-01 12:14:47 ERROR search invalid payload rejected
2026-08-01 12:15:37 INFO  mailer background job finished
2026-08-01 12:15:49 INFO  auth-service cache hit for key user:2959
2026-08-01 12:16:23 WARN  inventory slow query took 585ms
2026-08-01 12:16:28 WARN  inventory retrying upstream call, attempt 5
2026-08-01 12:17:18 INFO  inventory background job finished
2026-08-01 12:17:59 INFO  inventory config reloaded
2026-08-01 12:18:02 INFO  inventory background job finished
2026-08-01 12:18:28 WARN  checkout-api slow query took 273ms
2026-08-01 12:18:35 INFO  checkout-api config reloaded
2026-08-01 12:19:00 WARN  search connection pool at 97% capacity
2026-08-01 12:19:08 INFO  checkout-api health check ok
2026-08-01 12:19:27 INFO  search cache hit for key user:4172
2026-08-01 12:20:00 WARN  inventory slow query took 2102ms
2026-08-01 12:20:40 INFO  inventory background job finished
2026-08-01 12:20:55 INFO  mailer background job finished
2026-08-01 12:21:16 ERROR inventory invalid payload rejected
2026-08-01 12:21:35 ERROR checkout-api connection refused to postgres
2026-08-01 12:22:24 WARN  auth-service connection pool at 93% capacity
2026-08-01 12:22:44 INFO  auth-service background job finished
2026-08-01 12:23:34 WARN  auth-service slow query took 3745ms
2026-08-01 12:24:22 INFO  auth-service background job finished
2026-08-01 12:24:43 ERROR checkout-api connection refused to postgres
2026-08-01 12:24:48 WARN  search retrying upstream call, attempt 4
2026-08-01 12:25:13 INFO  inventory config reloaded
2026-08-01 12:26:01 INFO  inventory request completed in 572ms
2026-08-01 12:26:02 INFO  auth-service background job finished
2026-08-01 12:26:40 INFO  mailer cache hit for key user:2512
2026-08-01 12:26:59 WARN  mailer connection pool at 87% capacity
2026-08-01 12:27:23 INFO  search request completed in 3426ms
2026-08-01 12:27:45 INFO  mailer cache hit for key user:9959
2026-08-01 12:28:24 ERROR search token validation failed
2026-08-01 12:29:13 ERROR checkout-api invalid payload rejected
2026-08-01 12:29:15 WARN  mailer retrying upstream call, attempt 3
2026-08-01 12:29:29 INFO  auth-service health check ok
2026-08-01 12:30:14 INFO  inventory cache hit for key user:4546
2026-08-01 12:30:20 WARN  checkout-api retrying upstream call, attempt 4
2026-08-01 12:30:54 INFO  auth-service cache hit for key user:2799
2026-08-01 12:31:40 INFO  auth-service health check ok
2026-08-01 12:32:09 ERROR checkout-api token validation failed
2026-08-01 12:32:20 ERROR auth-service invalid payload rejected
2026-08-01 12:32:31 INFO  search health check ok
2026-08-01 12:33:00 INFO  checkout-api config reloaded
2026-08-01 12:33:27 ERROR search token validation failed
2026-08-01 12:34:01 INFO  auth-service config reloaded
2026-08-01 12:34:06 INFO  inventory request completed in 3316ms
2026-08-01 12:34:28 INFO  inventory health check ok
2026-08-01 12:35:15 INFO  search health check ok
2026-08-01 12:35:57 ERROR checkout-api upstream timeout after 3009ms
2026-08-01 12:36:34 INFO  auth-service cache hit for key user:3988
2026-08-01 12:36:43 INFO  checkout-api health check ok
2026-08-01 12:37:17 INFO  checkout-api config reloaded
2026-08-01 12:37:34 WARN  search connection pool at 82% capacity
2026-08-01 12:37:58 INFO  mailer background job finished
2026-08-01 12:38:00 INFO  checkout-api request completed in 1163ms
2026-08-01 12:38:15 INFO  checkout-api request completed in 889ms
2026-08-01 12:38:43 INFO  auth-service health check ok
2026-08-01 12:39:22 ERROR auth-service connection refused to postgres
2026-08-01 12:39:25 INFO  checkout-api cache hit for key user:8591
2026-08-01 12:39:37 INFO  auth-service cache hit for key user:2980
2026-08-01 12:40:03 INFO  search cache hit for key user:1400
2026-08-01 12:40:15 WARN  auth-service slow query took 3661ms
2026-08-01 12:40:51 INFO  mailer health check ok
2026-08-01 12:41:01 ERROR checkout-api token validation failed
2026-08-01 12:41:12 INFO  checkout-api config reloaded
2026-08-01 12:41:49 WARN  search deprecated endpoint called
2026-08-01 12:42:14 INFO  auth-service cache hit for key user:6346
2026-08-01 12:42:31 INFO  mailer config reloaded
2026-08-01 12:43:20 INFO  checkout-api request completed in 3406ms
2026-08-01 12:43:26 WARN  mailer slow query took 3095ms
2026-08-01 12:43:54 ERROR search invalid payload rejected
2026-08-01 12:43:57 ERROR search invalid payload rejected
2026-08-01 12:44:21 WARN  auth-service deprecated endpoint called
2026-08-01 12:45:05 ERROR search connection refused to postgres
2026-08-01 12:45:40 INFO  auth-service health check ok
2026-08-01 12:46:11 INFO  checkout-api request completed in 1776ms
2026-08-01 12:46:58 INFO  inventory config reloaded
2026-08-01 12:47:31 INFO  inventory cache hit for key user:8764
2026-08-01 12:47:48 INFO  checkout-api config reloaded
2026-08-01 12:48:28 INFO  search health check ok
2026-08-01 12:48:43 INFO  search config reloaded
2026-08-01 12:49:27 INFO  checkout-api health check ok
2026-08-01 12:49:59 INFO  inventory request completed in 4087ms
2026-08-01 12:50:06 INFO  inventory request completed in 1161ms
2026-08-01 12:50:31 INFO  mailer background job finished
2026-08-01 12:50:39 INFO  inventory background job finished
2026-08-01 12:51:22 INFO  auth-service config reloaded
2026-08-01 12:52:08 INFO  mailer request completed in 1729ms
2026-08-01 12:52:41 WARN  checkout-api retrying upstream call, attempt 2
2026-08-01 12:53:25 INFO  mailer request completed in 2195ms
2026-08-01 12:53:43 WARN  inventory slow query took 3417ms
2026-08-01 12:54:20 ERROR auth-service upstream timeout after 844ms
2026-08-01 12:54:58 ERROR mailer disk write failed
2026-08-01 12:55:43 INFO  search background job finished
2026-08-01 12:55:45 ERROR checkout-api token validation failed
2026-08-01 12:56:21 INFO  auth-service background job finished
2026-08-01 12:56:32 INFO  auth-service config reloaded
2026-08-01 12:57:09 INFO  mailer health check ok
2026-08-01 12:57:25 INFO  search request completed in 1993ms
2026-08-01 12:57:56 INFO  mailer background job finished
2026-08-01 12:58:25 INFO  mailer request completed in 1494ms
2026-08-01 12:58:31 WARN  inventory connection pool at 82% capacity
2026-08-01 12:59:04 INFO  search cache hit for key user:6002
2026-08-01 12:59:11 INFO  mailer cache hit for key user:9155
2026-08-01 12:59:52 INFO  checkout-api request completed in 2759ms
2026-08-01 13:00:40 INFO  auth-service cache hit for key user:4432
2026-08-01 13:01:23 INFO  search health check ok
2026-08-01 13:01:36 INFO  search background job finished
2026-08-01 13:02:19 INFO  inventory health check ok
2026-08-01 13:02:25 INFO  checkout-api cache hit for key user:2636
2026-08-01 13:03:09 INFO  search request completed in 4072ms
2026-08-01 13:03:47 INFO  search request completed in 3974ms
2026-08-01 13:04:32 INFO  auth-service request completed in 625ms
2026-08-01 13:04:36 INFO  auth-service background job finished
2026-08-01 13:05:22 INFO  inventory health check ok
2026-08-01 13:05:28 INFO  mailer cache hit for key user:5270
2026-08-01 13:05:53 INFO  checkout-api request completed in 1265ms
2026-08-01 13:06:13 INFO  mailer config reloaded
2026-08-01 13:06:47 INFO  auth-service background job finished
2026-08-01 13:07:23 ERROR mailer token validation failed
2026-08-01 13:07:25 INFO  search config reloaded
2026-08-01 13:07:33 ERROR search token validation failed
2026-08-01 13:07:52 INFO  inventory request completed in 2115ms
2026-08-01 13:08:39 ERROR search invalid payload rejected
2026-08-01 13:09:26 WARN  auth-service deprecated endpoint called
2026-08-01 13:10:02 INFO  checkout-api health check ok
2026-08-01 13:10:24 INFO  inventory cache hit for key user:2672
2026-08-01 13:10:42 INFO  search cache hit for key user:7883
2026-08-01 13:11:09 INFO  auth-service cache hit for key user:6770
2026-08-01 13:11:53 INFO  auth-service cache hit for key user:7999
2026-08-01 13:12:03 INFO  inventory request completed in 2237ms
2026-08-01 13:12:20 INFO  checkout-api cache hit for key user:1181
2026-08-01 13:13:09 INFO  inventory request completed in 1555ms
2026-08-01 13:13:53 INFO  mailer background job finished
2026-08-01 13:14:24 INFO  mailer background job finished
2026-08-01 13:15:06 INFO  mailer health check ok
2026-08-01 13:15:26 ERROR search connection refused to postgres
2026-08-01 13:15:42 INFO  search config reloaded
2026-08-01 13:16:18 INFO  inventory health check ok
2026-08-01 13:16:48 INFO  auth-service cache hit for key user:9984
2026-08-01 13:16:55 WARN  inventory deprecated endpoint called
2026-08-01 13:17:40 INFO  checkout-api request completed in 1517ms
2026-08-01 13:18:07 INFO  mailer background job finished
2026-08-01 13:18:41 INFO  search background job finished
2026-08-01 13:19:03 INFO  mailer config reloaded
2026-08-01 13:19:49 WARN  inventory connection pool at 83% capacity
2026-08-01 13:20:11 INFO  auth-service background job finished
2026-08-01 13:20:54 INFO  auth-service health check ok
2026-08-01 13:21:06 INFO  search background job finished
2026-08-01 13:21:27 WARN  search deprecated endpoint called
2026-08-01 13:22:09 INFO  auth-service background job finished
2026-08-01 13:22:30 INFO  inventory cache hit for key user:2823
2026-08-01 13:22:50 INFO  inventory config reloaded
2026-08-01 13:22:59 INFO  inventory config reloaded
2026-08-01 13:23:39 INFO  mailer config reloaded
2026-08-01 13:24:13 INFO  checkout-api cache hit for key user:2424
2026-08-01 13:24:29 INFO  auth-service background job finished
2026-08-01 13:24:34 INFO  checkout-api request completed in 426ms
2026-08-01 13:24:54 ERROR checkout-api disk write failed
2026-08-01 13:25:09 INFO  inventory config reloaded
2026-08-01 13:25:39 ERROR search disk write failed
2026-08-01 13:26:27 INFO  mailer background job finished
2026-08-01 13:26:41 ERROR search invalid payload rejected
2026-08-01 13:27:13 INFO  checkout-api background job finished
2026-08-01 13:27:45 INFO  search cache hit for key user:4023
2026-08-01 13:27:59 INFO  auth-service cache hit for key user:2545
2026-08-01 13:28:22 INFO  checkout-api health check ok
2026-08-01 13:28:42 WARN  inventory retrying upstream call, attempt 4
2026-08-01 13:29:26 ERROR search disk write failed
2026-08-01 13:29:53 INFO  auth-service cache hit for key user:4623
2026-08-01 13:30:11 INFO  auth-service config reloaded
2026-08-01 13:30:46 INFO  auth-service config reloaded
2026-08-01 13:31:15 ERROR checkout-api token validation failed
2026-08-01 13:32:05 INFO  inventory config reloaded
2026-08-01 13:32:12 ERROR search upstream timeout after 2527ms
2026-08-01 13:32:59 INFO  checkout-api config reloaded
2026-08-01 13:33:05 INFO  inventory request completed in 2165ms
2026-08-01 13:33:06 WARN  inventory retrying upstream call, attempt 5
2026-08-01 13:33:55 WARN  auth-service slow query took 2709ms
2026-08-01 13:34:45 ERROR checkout-api upstream timeout after 2885ms
2026-08-01 13:35:12 INFO  mailer background job finished
2026-08-01 13:35:50 WARN  mailer deprecated endpoint called
2026-08-01 13:36:04 INFO  checkout-api health check ok
2026-08-01 13:36:48 WARN  inventory deprecated endpoint called
2026-08-01 13:37:29 WARN  auth-service deprecated endpoint called
2026-08-01 13:37:39 WARN  search connection pool at 90% capacity
2026-08-01 13:38:13 INFO  mailer request completed in 1061ms
2026-08-01 13:38:16 INFO  inventory config reloaded
2026-08-01 13:38:36 WARN  checkout-api connection pool at 83% capacity
2026-08-01 13:38:44 INFO  mailer health check ok
2026-08-01 13:38:59 ERROR search invalid payload rejected
2026-08-01 13:39:48 INFO  mailer request completed in 357ms
2026-08-01 13:39:58 INFO  search config reloaded
2026-08-01 13:40:32 INFO  auth-service background job finished
2026-08-01 13:40:38 INFO  checkout-api background job finished
2026-08-01 13:41:04 INFO  inventory request completed in 3087ms
2026-08-01 13:41:10 INFO  checkout-api config reloaded
2026-08-01 13:41:23 INFO  mailer cache hit for key user:7829
2026-08-01 13:42:01 INFO  auth-service request completed in 811ms
2026-08-01 13:42:40 WARN  checkout-api slow query took 3517ms
2026-08-01 13:43:27 INFO  inventory background job finished
2026-08-01 13:43:57 INFO  mailer config reloaded
2026-08-01 13:44:31 INFO  search background job finished
2026-08-01 13:44:55 INFO  auth-service config reloaded
2026-08-01 13:45:12 WARN  mailer retrying upstream call, attempt 2
2026-08-01 13:45:58 INFO  auth-service config reloaded
2026-08-01 13:46:44 INFO  checkout-api request completed in 1522ms
2026-08-01 13:46:57 INFO  search health check ok
2026-08-01 13:47:40 INFO  mailer health check ok
2026-08-01 13:48:30 ERROR inventory disk write failed
2026-08-01 13:49:16 WARN  mailer connection pool at 90% capacity
2026-08-01 13:49:36 INFO  mailer cache hit for key user:3790
2026-08-01 13:50:13 INFO  mailer background job finished
2026-08-01 13:50:59 INFO  mailer background job finished
2026-08-01 13:51:13 ERROR search disk write failed
2026-08-01 13:51:42 ERROR search connection refused to postgres
2026-08-01 13:51:44 INFO  mailer health check ok
2026-08-01 13:52:03 ERROR auth-service invalid payload rejected
2026-08-01 13:52:48 INFO  search health check ok
2026-08-01 13:53:11 INFO  search request completed in 2763ms
2026-08-01 13:53:48 INFO  inventory config reloaded
2026-08-01 13:54:10 INFO  inventory background job finished
2026-08-01 13:54:40 ERROR search invalid payload rejected
2026-08-01 13:55:28 INFO  auth-service cache hit for key user:6477
2026-08-01 13:56:15 INFO  search request completed in 1432ms
2026-08-01 13:56:20 INFO  checkout-api request completed in 3950ms
2026-08-01 13:56:35 WARN  auth-service deprecated endpoint called
2026-08-01 13:57:02 INFO  search config reloaded
2026-08-01 13:57:30 INFO  auth-service request completed in 231ms
2026-08-01 13:58:02 ERROR search connection refused to postgres
2026-08-01 13:58:43 INFO  inventory request completed in 4105ms
2026-08-01 13:59:15 INFO  checkout-api request completed in 4091ms
2026-08-01 14:00:02 INFO  mailer background job finished
2026-08-01 14:00:33 INFO  auth-service health check ok
2026-08-01 14:01:13 INFO  checkout-api config reloaded
2026-08-01 14:01:43 INFO  mailer config reloaded
2026-08-01 14:01:46 ERROR inventory connection refused to postgres
2026-08-01 14:01:48 WARN  auth-service retrying upstream call, attempt 4
2026-08-01 14:02:26 ERROR auth-service connection refused to postgres
2026-08-01 14:02:36 INFO  search config reloaded
2026-08-01 14:02:54 INFO  search request completed in 1348ms
2026-08-01 14:03:38 INFO  checkout-api request completed in 1288ms
2026-08-01 14:04:13 INFO  checkout-api request completed in 3776ms
2026-08-01 14:04:21 WARN  auth-service retrying upstream call, attempt 2
2026-08-01 14:04:38 ERROR checkout-api upstream timeout after 3600ms
2026-08-01 14:04:50 INFO  inventory health check ok
2026-08-01 14:05:29 INFO  mailer config reloaded
2026-08-01 14:06:13 INFO  checkout-api background job finished
2026-08-01 14:07:01 ERROR inventory disk write failed
2026-08-01 14:07:24 ERROR search upstream timeout after 1710ms
2026-08-01 14:08:07 INFO  search cache hit for key user:1863
2026-08-01 14:08:15 INFO  checkout-api cache hit for key user:8137
2026-08-01 14:08:50 INFO  inventory cache hit for key user:2097
2026-08-01 14:09:09 INFO  inventory cache hit for key user:6330
2026-08-01 14:09:22 INFO  search config reloaded
2026-08-01 14:09:59 ERROR search invalid payload rejected
2026-08-01 14:10:14 INFO  mailer cache hit for key user:8085
2026-08-01 14:10:45 ERROR search invalid payload rejected
2026-08-01 14:11:28 INFO  auth-service config reloaded
2026-08-01 14:11:58 WARN  inventory deprecated endpoint called
2026-08-01 14:12:00 WARN  search slow query took 2261ms
2026-08-01 14:12:14 ERROR search disk write failed
2026-08-01 14:12:55 INFO  auth-service cache hit for key user:7088
2026-08-01 14:13:19 INFO  search request completed in 2539ms
2026-08-01 14:14:07 ERROR search disk write failed
2026-08-01 14:14:48 INFO  mailer health check ok
2026-08-01 14:15:20 INFO  search health check ok
2026-08-01 14:15:24 INFO  inventory request completed in 1777ms
2026-08-01 14:15:53 INFO  mailer request completed in 360ms
2026-08-01 14:16:38 INFO  checkout-api config reloaded
2026-08-01 14:17:14 INFO  inventory cache hit for key user:1718
2026-08-01 14:17:35 WARN  checkout-api deprecated endpoint called
2026-08-01 14:17:53 INFO  auth-service cache hit for key user:6694
2026-08-01 14:18:39 ERROR search connection refused to postgres
2026-08-01 14:19:14 INFO  auth-service request completed in 2751ms
2026-08-01 14:19:35 INFO  checkout-api health check ok
2026-08-01 14:20:12 INFO  auth-service background job finished
2026-08-01 14:20:13 WARN  mailer slow query took 3192ms
2026-08-01 14:20:41 INFO  mailer cache hit for key user:1599
2026-08-01 14:21:02 ERROR search invalid payload rejected
2026-08-01 14:21:45 INFO  auth-service health check ok
2026-08-01 14:22:07 INFO  checkout-api background job finished
2026-08-01 14:22:54 INFO  inventory config reloaded
2026-08-01 14:23:43 INFO  mailer health check ok
2026-08-01 14:23:58 INFO  inventory cache hit for key user:5308
2026-08-01 14:24:45 INFO  inventory config reloaded
2026-08-01 14:24:53 INFO  inventory config reloaded
2026-08-01 14:25:31 INFO  search background job finished
2026-08-01 14:25:48 INFO  mailer health check ok
2026-08-01 14:26:27 INFO  checkout-api cache hit for key user:1550
2026-08-01 14:26:43 INFO  auth-service health check ok
2026-08-01 14:26:56 INFO  auth-service health check ok
2026-08-01 14:27:02 INFO  inventory health check ok
2026-08-01 14:27:36 INFO  mailer health check ok
2026-08-01 14:28:25 INFO  inventory health check ok
2026-08-01 14:28:27 ERROR search upstream timeout after 1642ms
2026-08-01 14:29:17 INFO  auth-service request completed in 2772ms
2026-08-01 14:29:53 INFO  inventory request completed in 3375ms
2026-08-01 14:30:34 ERROR search disk write failed
2026-08-01 14:31:09 INFO  checkout-api cache hit for key user:4346
2026-08-01 14:31:37 ERROR auth-service connection refused to postgres
2026-08-01 14:31:46 INFO  checkout-api health check ok
2026-08-01 14:32:13 INFO  mailer request completed in 2230ms
2026-08-01 14:33:01 INFO  auth-service request completed in 2220ms
2026-08-01 14:33:25 INFO  checkout-api request completed in 4157ms
2026-08-01 14:34:12 INFO  checkout-api cache hit for key user:9048
2026-08-01 14:35:02 INFO  mailer cache hit for key user:7880
2026-08-01 14:35:08 INFO  auth-service background job finished
2026-08-01 14:35:22 INFO  auth-service background job finished
2026-08-01 14:35:26 INFO  search request completed in 3924ms
2026-08-01 14:35:46 INFO  auth-service config reloaded
2026-08-01 14:36:09 WARN  mailer connection pool at 83% capacity
2026-08-01 14:36:17 INFO  inventory config reloaded
2026-08-01 14:36:18 INFO  search health check ok
2026-08-01 14:36:59 INFO  search cache hit for key user:9475
2026-08-01 14:37:27 INFO  inventory config reloaded
2026-08-01 14:38:14 INFO  checkout-api health check ok
2026-08-01 14:38:30 INFO  mailer request completed in 2354ms
2026-08-01 14:38:46 INFO  auth-service health check ok
2026-08-01 14:38:58 INFO  inventory config reloaded
2026-08-01 14:39:45 INFO  auth-service health check ok
2026-08-01 14:39:46 INFO  search config reloaded
2026-08-01 14:40:00 WARN  mailer slow query took 3613ms
2026-08-01 14:40:21 INFO  mailer background job finished
2026-08-01 14:40:50 INFO  checkout-api cache hit for key user:6015
2026-08-01 14:41:08 WARN  inventory connection pool at 88% capacity
2026-08-01 14:41:53 INFO  search config reloaded
2026-08-01 14:42:07 INFO  inventory background job finished
2026-08-01 14:42:57 WARN  inventory deprecated endpoint called
2026-08-01 14:43:22 WARN  inventory retrying upstream call, attempt 3
2026-08-01 14:43:34 ERROR inventory token validation failed
2026-08-01 14:43:39 INFO  inventory request completed in 2443ms
2026-08-01 14:43:55 WARN  inventory connection pool at 80% capacity
2026-08-01 14:44:06 INFO  mailer config reloaded
2026-08-01 14:44:38 INFO  mailer background job finished
2026-08-01 14:45:28 INFO  checkout-api background job finished
2026-08-01 14:46:10 INFO  inventory background job finished
2026-08-01 14:46:50 INFO  search cache hit for key user:6565
2026-08-01 14:47:31 WARN  auth-service connection pool at 80% capacity
2026-08-01 14:47:47 INFO  inventory health check ok
2026-08-01 14:47:50 WARN  inventory slow query took 2616ms
2026-08-01 14:47:54 INFO  auth-service background job finished
2026-08-01 14:48:36 INFO  auth-service background job finished
2026-08-01 14:48:47 INFO  search cache hit for key user:7309
2026-08-01 14:49:08 INFO  mailer background job finished
2026-08-01 14:49:38 WARN  checkout-api slow query took 2104ms
2026-08-01 14:49:59 INFO  search request completed in 838ms
2026-08-01 14:50:20 INFO  checkout-api background job finished
2026-08-01 14:51:02 WARN  auth-service deprecated endpoint called
2026-08-01 14:51:23 INFO  mailer background job finished
2026-08-01 14:52:12 INFO  mailer background job finished
2026-08-01 14:52:32 INFO  checkout-api health check ok
2026-08-01 14:53:07 INFO  auth-service config reloaded
2026-08-01 14:53:51 ERROR auth-service disk write failed
2026-08-01 14:53:52 INFO  auth-service cache hit for key user:9704
2026-08-01 14:54:26 INFO  mailer health check ok
2026-08-01 14:54:46 INFO  mailer health check ok
2026-08-01 14:55:30 INFO  mailer config reloaded
2026-08-01 14:56:06 INFO  auth-service health check ok
2026-08-01 14:56:09 INFO  checkout-api request completed in 3290ms
2026-08-01 14:56:51 WARN  search deprecated endpoint called
2026-08-01 14:57:38 WARN  auth-service slow query took 3398ms
2026-08-01 14:58:13 ERROR search upstream timeout after 1966ms
2026-08-01 14:58:35 INFO  checkout-api background job finished
2026-08-01 14:59:19 INFO  mailer background job finished
2026-08-01 14:59:38 INFO  search health check ok
2026-08-01 14:59:50 INFO  auth-service config reloaded
2026-08-01 15:00:13 INFO  inventory request completed in 2781ms
2026-08-01 15:00:23 WARN  auth-service slow query took 528ms
2026-08-01 15:00:56 INFO  checkout-api cache hit for key user:9763
2026-08-01 15:01:13 INFO  mailer config reloaded
2026-08-01 15:01:49 ERROR search invalid payload rejected
2026-08-01 15:02:08 INFO  inventory request completed in 493ms
2026-08-01 15:02:47 INFO  inventory background job finished
2026-08-01 15:03:35 INFO  search cache hit for key user:9724
2026-08-01 15:03:57 WARN  search connection pool at 80% capacity
2026-08-01 15:04:32 WARN  mailer slow query took 1210ms
2026-08-01 15:04:59 ERROR search invalid payload rejected
2026-08-01 15:05:45 INFO  mailer background job finished
2026-08-01 15:06:24 INFO  inventory request completed in 3546ms
2026-08-01 15:07:02 ERROR checkout-api upstream timeout after 626ms
2026-08-01 15:07:17 INFO  checkout-api request completed in 2668ms
2026-08-01 15:07:28 INFO  search cache hit for key user:7232
2026-08-01 15:08:03 INFO  checkout-api request completed in 3722ms
2026-08-01 15:08:51 INFO  auth-service background job finished
2026-08-01 15:09:22 WARN  search deprecated endpoint called
2026-08-01 15:09:58 ERROR checkout-api token validation failed
2026-08-01 15:10:37 INFO  auth-service health check ok
2026-08-01 15:11:19 INFO  auth-service background job finished
2026-08-01 15:11:27 INFO  search health check ok
2026-08-01 15:12:05 INFO  checkout-api cache hit for key user:9617
2026-08-01 15:12:54 INFO  inventory cache hit for key user:4157
2026-08-01 15:13:44 ERROR checkout-api invalid payload rejected
2026-08-01 15:13:45 INFO  mailer request completed in 213ms
2026-08-01 15:14:08 ERROR checkout-api token validation failed
2026-08-01 15:14:52 INFO  search background job finished
2026-08-01 15:15:15 INFO  checkout-api request completed in 3631ms
2026-08-01 15:16:02 ERROR search connection refused to postgres
2026-08-01 15:16:08 WARN  mailer retrying upstream call, attempt 2
2026-08-01 15:16:47 INFO  checkout-api config reloaded
2026-08-01 15:16:59 INFO  auth-service background job finished
2026-08-01 15:17:27 INFO  auth-service health check ok
2026-08-01 15:17:49 INFO  search health check ok
2026-08-01 15:18:37 INFO  search health check ok
2026-08-01 15:18:44 INFO  inventory health check ok
2026-08-01 15:18:47 WARN  auth-service retrying upstream call, attempt 3
2026-08-01 15:19:10 INFO  auth-service background job finished
2026-08-01 15:19:43 INFO  search background job finished
2026-08-01 15:20:03 INFO  mailer config reloaded
2026-08-01 15:20:11 INFO  auth-service cache hit for key user:3637
2026-08-01 15:20:12 INFO  mailer health check ok
2026-08-01 15:20:56 WARN  auth-service retrying upstream call, attempt 4
2026-08-01 15:21:17 INFO  auth-service background job finished
2026-08-01 15:21:48 WARN  search deprecated endpoint called
2026-08-01 15:21:56 INFO  checkout-api config reloaded
2026-08-01 15:22:09 WARN  mailer connection pool at 94% capacity
2026-08-01 15:22:32 INFO  checkout-api health check ok
2026-08-01 15:23:09 INFO  checkout-api cache hit for key user:7254
2026-08-01 15:23:37 INFO  mailer cache hit for key user:3458
2026-08-01 15:24:27 INFO  auth-service cache hit for key user:4961
2026-08-01 15:24:53 INFO  checkout-api background job finished
2026-08-01 15:25:27 INFO  checkout-api request completed in 670ms
2026-08-01 15:26:05 INFO  search background job finished
2026-08-01 15:26:40 WARN  auth-service slow query took 2462ms
2026-08-01 15:27:17 INFO  search cache hit for key user:8690
2026-08-01 15:27:49 INFO  search background job finished
2026-08-01 15:28:34 INFO  checkout-api background job finished
2026-08-01 15:29:09 INFO  inventory health check ok
2026-08-01 15:29:38 ERROR search disk write failed
2026-08-01 15:30:18 INFO  auth-service config reloaded
2026-08-01 15:30:41 INFO  inventory health check ok
2026-08-01 15:30:55 INFO  inventory background job finished
2026-08-01 15:31:32 ERROR mailer token validation failed
2026-08-01 15:32:07 INFO  mailer background job finished
2026-08-01 15:32:32 INFO  mailer background job finished
2026-08-01 15:32:44 WARN  search slow query took 1735ms
2026-08-01 15:33:17 WARN  inventory slow query took 835ms
2026-08-01 15:33:48 ERROR checkout-api disk write failed
2026-08-01 15:33:57 WARN  checkout-api retrying upstream call, attempt 3
2026-08-01 15:34:15 INFO  search health check ok
2026-08-01 15:34:34 WARN  mailer connection pool at 99% capacity
2026-08-01 15:35:07 ERROR mailer upstream timeout after 3862ms
2026-08-01 15:35:53 INFO  mailer background job finished
2026-08-01 15:36:08 INFO  search cache hit for key user:2858
2026-08-01 15:36:41 WARN  auth-service deprecated endpoint called
2026-08-01 15:37:02 INFO  mailer cache hit for key user:3510
2026-08-01 15:37:03 INFO  mailer request completed in 692ms
2026-08-01 15:37:51 INFO  checkout-api request completed in 2662ms
2026-08-01 15:38:25 INFO  inventory request completed in 1036ms
2026-08-01 15:39:03 ERROR search connection refused to postgres
2026-08-01 15:39:10 INFO  inventory background job finished
2026-08-01 15:39:51 ERROR search upstream timeout after 4017ms
2026-08-01 15:40:36 INFO  auth-service cache hit for key user:1160
2026-08-01 15:40:53 INFO  mailer request completed in 780ms
2026-08-01 15:41:32 INFO  checkout-api cache hit for key user:9307
2026-08-01 15:41:39 INFO  auth-service request completed in 663ms
2026-08-01 15:42:26 INFO  search background job finished
2026-08-01 15:43:03 ERROR search invalid payload rejected
2026-08-01 15:43:44 INFO  search config reloaded
2026-08-01 15:43:46 INFO  mailer config reloaded
2026-08-01 15:43:54 INFO  inventory request completed in 1841ms
2026-08-01 15:44:17 INFO  inventory background job finished
2026-08-01 15:44:55 INFO  mailer background job finished
2026-08-01 15:45:06 INFO  search request completed in 3781ms
2026-08-01 15:45:40 WARN  inventory connection pool at 95% capacity
2026-08-01 15:45:42 INFO  mailer request completed in 3815ms
2026-08-01 15:45:43 INFO  inventory cache hit for key user:1318
2026-08-01 15:45:59 INFO  auth-service request completed in 3071ms
2026-08-01 15:46:32 INFO  checkout-api health check ok
2026-08-01 15:46:40 INFO  checkout-api cache hit for key user:2434
2026-08-01 15:47:07 INFO  inventory cache hit for key user:1122
2026-08-01 15:47:43 INFO  mailer request completed in 2697ms
2026-08-01 15:48:13 ERROR checkout-api upstream timeout after 1178ms
2026-08-01 15:48:48 ERROR search disk write failed
2026-08-01 15:49:35 INFO  auth-service background job finished
2026-08-01 15:50:12 ERROR inventory invalid payload rejected
2026-08-01 15:50:43 INFO  inventory request completed in 2235ms
2026-08-01 15:51:33 INFO  inventory request completed in 3995ms
2026-08-01 15:52:19 INFO  mailer cache hit for key user:2202
2026-08-01 15:53:02 INFO  inventory request completed in 4199ms
2026-08-01 15:53:27 INFO  mailer background job finished
2026-08-01 15:53:32 INFO  inventory cache hit for key user:8187
2026-08-01 15:54:11 INFO  inventory config reloaded
2026-08-01 15:54:35 INFO  inventory config reloaded
2026-08-01 15:55:08 INFO  search background job finished
2026-08-01 15:55:51 WARN  inventory slow query took 2805ms
2026-08-01 15:56:30 INFO  mailer request completed in 2955ms
2026-08-01 15:57:03 ERROR checkout-api upstream timeout after 2992ms
2026-08-01 15:57:19 INFO  checkout-api cache hit for key user:7967
2026-08-01 15:57:43 WARN  mailer connection pool at 97% capacity
2026-08-01 15:58:25 INFO  mailer request completed in 1555ms
2026-08-01 15:58:38 INFO  mailer request completed in 2620ms
2026-08-01 15:59:27 WARN  inventory retrying upstream call, attempt 5
2026-08-01 15:59:39 INFO  inventory health check ok
2026-08-01 15:59:43 INFO  checkout-api background job finished
2026-08-01 16:00:07 INFO  checkout-api health check ok
2026-08-01 16:00:21 INFO  auth-service request completed in 3339ms
2026-08-01 16:00:48 WARN  auth-service slow query took 1208ms
2026-08-01 16:01:37 INFO  search health check ok
2026-08-01 16:02:10 INFO  auth-service config reloaded
2026-08-01 16:02:33 INFO  inventory background job finished
2026-08-01 16:03:08 INFO  checkout-api health check ok
2026-08-01 16:03:38 INFO  mailer config reloaded
2026-08-01 16:03:46 INFO  search cache hit for key user:6584
2026-08-01 16:04:02 INFO  auth-service config reloaded
2026-08-01 16:04:30 INFO  mailer config reloaded
2026-08-01 16:04:54 INFO  checkout-api request completed in 3285ms
2026-08-01 16:05:18 ERROR mailer connection refused to postgres
2026-08-01 16:05:34 ERROR inventory disk write failed
2026-08-01 16:05:47 WARN  inventory connection pool at 93% capacity
2026-08-01 16:06:25 INFO  auth-service health check ok
2026-08-01 16:06:53 INFO  mailer background job finished
2026-08-01 16:07:35 INFO  auth-service background job finished
2026-08-01 16:08:09 INFO  auth-service config reloaded
2026-08-01 16:08:23 INFO  auth-service request completed in 4082ms
2026-08-01 16:08:54 ERROR inventory disk write failed
2026-08-01 16:09:40 WARN  mailer slow query took 2341ms
2026-08-01 16:09:44 INFO  mailer config reloaded
2026-08-01 16:10:17 INFO  checkout-api cache hit for key user:2845
2026-08-01 16:10:29 INFO  checkout-api health check ok
2026-08-01 16:10:43 INFO  checkout-api request completed in 3811ms
2026-08-01 16:10:55 WARN  search slow query took 3508ms
2026-08-01 16:11:21 WARN  inventory retrying upstream call, attempt 2
2026-08-01 16:11:31 INFO  inventory request completed in 3991ms
2026-08-01 16:11:59 INFO  mailer cache hit for key user:1219
2026-08-01 16:12:38 INFO  checkout-api cache hit for key user:1604
2026-08-01 16:12:47 WARN  inventory deprecated endpoint called
2026-08-01 16:13:14 INFO  search cache hit for key user:8255
2026-08-01 16:13:45 INFO  inventory config reloaded
2026-08-01 16:14:33 ERROR search disk write failed
2026-08-01 16:14:55 INFO  mailer cache hit for key user:7798
2026-08-01 16:15:21 INFO  checkout-api cache hit for key user:8128
2026-08-01 16:16:04 ERROR search upstream timeout after 2866ms
2026-08-01 16:16:18 INFO  checkout-api background job finished
2026-08-01 16:17:01 WARN  inventory connection pool at 94% capacity
2026-08-01 16:17:37 WARN  auth-service slow query took 935ms
2026-08-01 16:17:43 INFO  mailer config reloaded
2026-08-01 16:17:55 WARN  checkout-api retrying upstream call, attempt 5
2026-08-01 16:18:14 ERROR search token validation failed
2026-08-01 16:18:54 INFO  search request completed in 1256ms
2026-08-01 16:18:55 INFO  inventory background job finished
2026-08-01 16:18:58 INFO  checkout-api background job finished
2026-08-01 16:19:19 INFO  checkout-api cache hit for key user:8268
2026-08-01 16:20:09 WARN  mailer retrying upstream call, attempt 3
2026-08-01 16:20:52 INFO  mailer cache hit for key user:3021
2026-08-01 16:21:14 INFO  mailer request completed in 3034ms
2026-08-01 16:21:33 INFO  mailer cache hit for key user:5291
2026-08-01 16:21:53 INFO  checkout-api config reloaded
2026-08-01 16:22:24 INFO  mailer request completed in 4191ms
2026-08-01 16:23:09 INFO  inventory cache hit for key user:8638
2026-08-01 16:23:57 INFO  inventory request completed in 934ms
2026-08-01 16:24:40 INFO  inventory config reloaded
2026-08-01 16:24:49 INFO  inventory request completed in 3281ms
2026-08-01 16:25:05 WARN  checkout-api retrying upstream call, attempt 4
2026-08-01 16:25:16 INFO  mailer health check ok
2026-08-01 16:25:48 WARN  auth-service connection pool at 96% capacity
2026-08-01 16:25:49 INFO  search health check ok
2026-08-01 16:25:54 INFO  inventory cache hit for key user:5885
2026-08-01 16:26:11 WARN  mailer connection pool at 80% capacity
2026-08-01 16:26:19 INFO  checkout-api background job finished
2026-08-01 16:26:55 INFO  auth-service background job finished
2026-08-01 16:27:11 INFO  inventory background job finished
2026-08-01 16:27:27 INFO  search config reloaded
2026-08-01 16:27:45 INFO  auth-service background job finished
2026-08-01 16:28:24 INFO  inventory background job finished
2026-08-01 16:29:08 INFO  mailer request completed in 2374ms
2026-08-01 16:29:15 ERROR search token validation failed
2026-08-01 16:29:50 INFO  mailer health check ok
2026-08-01 16:30:31 INFO  checkout-api request completed in 1983ms
2026-08-01 16:31:06 ERROR inventory invalid payload rejected
2026-08-01 16:31:39 INFO  checkout-api health check ok
2026-08-01 16:31:48 INFO  checkout-api config reloaded
2026-08-01 16:32:08 WARN  checkout-api slow query took 3876ms
2026-08-01 16:32:23 WARN  auth-service slow query took 785ms
2026-08-01 16:33:07 INFO  search health check ok
2026-08-01 16:33:29 WARN  mailer retrying upstream call, attempt 4
2026-08-01 16:33:43 WARN  mailer deprecated endpoint called
2026-08-01 16:34:17 INFO  mailer config reloaded
2026-08-01 16:34:51 WARN  checkout-api deprecated endpoint called
2026-08-01 16:35:10 INFO  inventory background job finished
2026-08-01 16:35:45 WARN  mailer retrying upstream call, attempt 2
2026-08-01 16:36:30 INFO  auth-service config reloaded
2026-08-01 16:37:00 ERROR search token validation failed
2026-08-01 16:37:01 INFO  checkout-api background job finished
2026-08-01 16:37:47 INFO  search background job finished
2026-08-01 16:38:01 WARN  inventory retrying upstream call, attempt 2
2026-08-01 16:38:37 INFO  auth-service background job finished
2026-08-01 16:39:25 INFO  auth-service cache hit for key user:1643
2026-08-01 16:39:38 INFO  auth-service request completed in 2352ms
2026-08-01 16:40:21 INFO  auth-service config reloaded
2026-08-01 16:40:40 WARN  inventory slow query took 822ms
2026-08-01 16:40:58 WARN  auth-service slow query took 1280ms
2026-08-01 16:41:28 INFO  inventory config reloaded
2026-08-01 16:41:59 INFO  inventory request completed in 1353ms
2026-08-01 16:42:41 INFO  mailer health check ok
2026-08-01 16:42:55 WARN  inventory slow query took 1823ms
2026-08-01 16:43:10 INFO  mailer config reloaded
2026-08-01 16:43:21 INFO  mailer request completed in 2846ms
2026-08-01 16:43:33 ERROR search invalid payload rejected
2026-08-01 16:44:10 INFO  mailer request completed in 2185ms
2026-08-01 16:44:51 ERROR search connection refused to postgres
2026-08-01 16:45:26 INFO  checkout-api request completed in 643ms
2026-08-01 16:45:48 INFO  mailer cache hit for key user:4597
2026-08-01 16:46:34 ERROR inventory token validation failed
2026-08-01 16:46:40 INFO  search request completed in 1094ms
2026-08-01 16:47:17 INFO  mailer cache hit for key user:9519
2026-08-01 16:48:01 INFO  auth-service request completed in 3932ms
2026-08-01 16:48:13 INFO  checkout-api config reloaded
2026-08-01 16:48:48 INFO  mailer background job finished
2026-08-01 16:49:08 INFO  mailer request completed in 3238ms
2026-08-01 16:49:15 ERROR search token validation failed
2026-08-01 16:49:19 INFO  auth-service cache hit for key user:4154
2026-08-01 16:49:42 INFO  checkout-api request completed in 827ms
2026-08-01 16:50:11 INFO  checkout-api background job finished
2026-08-01 16:50:12 INFO  mailer config reloaded
2026-08-01 16:50:29 WARN  auth-service deprecated endpoint called
2026-08-01 16:50:34 INFO  mailer cache hit for key user:6933
2026-08-01 16:51:20 INFO  search request completed in 2565ms
2026-08-01 16:52:01 INFO  inventory config reloaded
2026-08-01 16:52:35 INFO  auth-service config reloaded
2026-08-01 16:53:24 WARN  search slow query took 1749ms
2026-08-01 16:53:30 WARN  auth-service deprecated endpoint called
2026-08-01 16:54:09 INFO  inventory cache hit for key user:6320
2026-08-01 16:54:55 INFO  mailer health check ok
2026-08-01 16:55:29 INFO  search background job finished
2026-08-01 16:55:53 ERROR search connection refused to postgres
2026-08-01 16:56:01 WARN  search deprecated endpoint called
2026-08-01 16:56:35 INFO  mailer request completed in 3583ms
2026-08-01 16:56:59 INFO  auth-service background job finished
2026-08-01 16:57:15 INFO  checkout-api background job finished
2026-08-01 16:58:04 INFO  search cache hit for key user:8267
2026-08-01 16:58:52 INFO  mailer request completed in 2352ms
2026-08-01 16:58:54 ERROR auth-service upstream timeout after 2095ms
2026-08-01 16:59:33 WARN  mailer retrying upstream call, attempt 2
2026-08-01 17:00:05 INFO  checkout-api cache hit for key user:1395
2026-08-01 17:00:18 WARN  mailer deprecated endpoint called
2026-08-01 17:00:40 INFO  checkout-api request completed in 1961ms
2026-08-01 17:00:50 INFO  checkout-api background job finished
2026-08-01 17:01:26 INFO  checkout-api background job finished
2026-08-01 17:01:55 INFO  search background job finished
2026-08-01 17:02:08 INFO  checkout-api background job finished
2026-08-01 17:02:55 INFO  inventory cache hit for key user:3132
2026-08-01 17:03:37 WARN  search retrying upstream call, attempt 2
2026-08-01 17:04:23 INFO  checkout-api health check ok
2026-08-01 17:04:39 INFO  mailer cache hit for key user:9610
2026-08-01 17:05:11 INFO  checkout-api config reloaded
2026-08-01 17:05:26 INFO  auth-service health check ok
2026-08-01 17:05:44 ERROR search disk write failed
2026-08-01 17:06:05 INFO  mailer request completed in 2814ms
2026-08-01 17:06:49 INFO  checkout-api config reloaded
2026-08-01 17:07:15 WARN  search deprecated endpoint called
2026-08-01 17:07:22 INFO  auth-service request completed in 2199ms
2026-08-01 17:07:36 WARN  mailer connection pool at 90% capacity
2026-08-01 17:08:18 INFO  auth-service health check ok
2026-08-01 17:08:52 INFO  auth-service config reloaded
2026-08-01 17:09:41 ERROR inventory invalid payload rejected
2026-08-01 17:09:42 ERROR search disk write failed
2026-08-01 17:09:57 WARN  search connection pool at 92% capacity
2026-08-01 17:10:37 INFO  inventory request completed in 384ms
2026-08-01 17:10:46 INFO  inventory cache hit for key user:8286
2026-08-01 17:11:30 WARN  mailer slow query took 226ms
2026-08-01 17:11:50 INFO  search health check ok
2026-08-01 17:12:17 INFO  auth-service cache hit for key user:5608
2026-08-01 17:12:27 WARN  checkout-api slow query took 2429ms
2026-08-01 17:12:48 INFO  inventory request completed in 2432ms
2026-08-01 17:13:14 WARN  inventory retrying upstream call, attempt 5
2026-08-01 17:14:01 ERROR auth-service disk write failed
2026-08-01 17:14:29 WARN  inventory retrying upstream call, attempt 2
2026-08-01 17:15:03 INFO  inventory request completed in 1286ms
2026-08-01 17:15:22 WARN  checkout-api slow query took 2791ms
2026-08-01 17:15:59 ERROR search upstream timeout after 3488ms
2026-08-01 17:16:36 WARN  search deprecated endpoint called
2026-08-01 17:16:37 INFO  checkout-api background job finished
2026-08-01 17:16:42 INFO  mailer background job finished
2026-08-01 17:17:22 INFO  checkout-api config reloaded
2026-08-01 17:17:55 WARN  inventory deprecated endpoint called
2026-08-01 17:18:11 INFO  checkout-api config reloaded
2026-08-01 17:18:43 INFO  mailer request completed in 2307ms
2026-08-01 17:18:45 INFO  mailer cache hit for key user:8987
2026-08-01 17:19:14 INFO  auth-service health check ok
2026-08-01 17:19:41 WARN  auth-service slow query took 1508ms
2026-08-01 17:20:06 ERROR search invalid payload rejected
2026-08-01 17:20:07 INFO  inventory background job finished
2026-08-01 17:20:54 INFO  inventory background job finished
2026-08-01 17:21:32 INFO  checkout-api config reloaded
2026-08-01 17:22:06 WARN  search deprecated endpoint called
2026-08-01 17:22:18 WARN  checkout-api retrying upstream call, attempt 5
2026-08-01 17:22:38 INFO  auth-service request completed in 885ms
2026-08-01 17:23:12 INFO  auth-service request completed in 3067ms
2026-08-01 17:23:55 INFO  mailer request completed in 3488ms
2026-08-01 17:23:59 INFO  inventory request completed in 2258ms
2026-08-01 17:24:25 WARN  search slow query took 2894ms
2026-08-01 17:24:46 INFO  mailer health check ok
2026-08-01 17:25:30 ERROR mailer invalid payload rejected
2026-08-01 17:25:36 WARN  inventory retrying upstream call, attempt 4
2026-08-01 17:26:14 INFO  mailer request completed in 3996ms
2026-08-01 17:26:45 INFO  auth-service background job finished
2026-08-01 17:27:32 WARN  search deprecated endpoint called
2026-08-01 17:28:06 INFO  search cache hit for key user:9173
2026-08-01 17:28:23 INFO  inventory request completed in 2056ms
2026-08-01 17:28:59 INFO  checkout-api request completed in 3861ms
2026-08-01 17:29:39 INFO  inventory config reloaded
2026-08-01 17:30:08 INFO  mailer config reloaded
2026-08-01 17:30:19 WARN  checkout-api slow query took 1767ms
2026-08-01 17:30:30 INFO  search request completed in 833ms
2026-08-01 17:30:51 INFO  search config reloaded
2026-08-01 17:30:57 INFO  checkout-api health check ok
2026-08-01 17:31:45 WARN  mailer connection pool at 95% capacity
2026-08-01 17:31:55 INFO  mailer request completed in 2721ms
2026-08-01 17:32:27 INFO  auth-service background job finished
2026-08-01 17:33:00 ERROR auth-service upstream timeout after 2544ms
2026-08-01 17:33:45 INFO  checkout-api request completed in 3004ms
2026-08-01 17:34:12 INFO  mailer request completed in 2437ms
2026-08-01 17:34:16 INFO  inventory health check ok
2026-08-01 17:34:41 INFO  mailer health check ok
2026-08-01 17:34:48 INFO  search config reloaded
2026-08-01 17:35:02 INFO  search health check ok
2026-08-01 17:35:45 INFO  inventory cache hit for key user:3049
2026-08-01 17:35:56 INFO  checkout-api config reloaded
2026-08-01 17:36:29 ERROR search invalid payload rejected
2026-08-01 17:37:04 ERROR checkout-api connection refused to postgres
2026-08-01 17:37:15 INFO  search health check ok
2026-08-01 17:37:21 WARN  mailer slow query took 971ms
2026-08-01 17:38:05 INFO  checkout-api background job finished
2026-08-01 17:38:38 INFO  inventory cache hit for key user:2261
2026-08-01 17:38:48 INFO  mailer request completed in 2745ms
2026-08-01 17:39:35 INFO  checkout-api config reloaded
2026-08-01 17:40:24 INFO  auth-service health check ok
2026-08-01 17:41:02 INFO  search health check ok
2026-08-01 17:41:28 INFO  search health check ok
2026-08-01 17:41:49 INFO  auth-service background job finished
2026-08-01 17:42:36 WARN  mailer retrying upstream call, attempt 5
2026-08-01 17:43:16 WARN  checkout-api connection pool at 83% capacity
2026-08-01 17:43:17 INFO  inventory health check ok
2026-08-01 17:43:47 INFO  inventory background job finished
2026-08-01 17:44:21 ERROR checkout-api disk write failed
2026-08-01 17:44:31 INFO  mailer config reloaded
2026-08-01 17:45:19 INFO  inventory config reloaded
2026-08-01 17:45:41 INFO  mailer health check ok
2026-08-01 17:46:15 ERROR auth-service upstream timeout after 2394ms
2026-08-01 17:46:55 INFO  search config reloaded
2026-08-01 17:47:45 INFO  auth-service background job finished
2026-08-01 17:48:08 ERROR search connection refused to postgres
2026-08-01 17:48:57 INFO  search background job finished
2026-08-01 17:49:40 INFO  checkout-api health check ok
2026-08-01 17:49:47 INFO  mailer request completed in 2770ms
2026-08-01 17:49:52 INFO  search request completed in 1880ms
2026-08-01 17:49:56 INFO  auth-service background job finished
2026-08-01 17:50:08 INFO  search cache hit for key user:6818
2026-08-01 17:50:54 INFO  auth-service background job finished
2026-08-01 17:51:17 INFO  mailer health check ok
2026-08-01 17:51:29 INFO  auth-service cache hit for key user:9929
2026-08-01 17:52:10 WARN  auth-service connection pool at 82% capacity
2026-08-01 17:52:49 INFO  inventory background job finished
2026-08-01 17:53:11 INFO  search health check ok
2026-08-01 17:53:31 INFO  search background job finished
2026-08-01 17:54:15 INFO  checkout-api cache hit for key user:8178
2026-08-01 17:54:44 ERROR checkout-api connection refused to postgres
2026-08-01 17:55:17 INFO  mailer health check ok
2026-08-01 17:55:27 INFO  checkout-api background job finished
2026-08-01 17:55:38 WARN  search slow query took 116ms
2026-08-01 17:55:39 INFO  inventory health check ok
2026-08-01 17:55:45 WARN  mailer connection pool at 83% capacity
2026-08-01 17:56:16 INFO  inventory background job finished
2026-08-01 17:57:03 INFO  checkout-api cache hit for key user:4453
2026-08-01 17:57:20 INFO  checkout-api background job finished
2026-08-01 17:57:36 INFO  mailer health check ok
2026-08-01 17:58:00 WARN  mailer connection pool at 88% capacity
2026-08-01 17:58:50 INFO  inventory cache hit for key user:6588
2026-08-01 17:58:56 WARN  auth-service deprecated endpoint called
2026-08-01 17:59:16 ERROR search token validation failed
2026-08-01 17:59:41 ERROR inventory disk write failed
2026-08-01 18:00:05 WARN  auth-service deprecated endpoint called
2026-08-01 18:00:31 INFO  inventory config reloaded
2026-08-01 18:00:32 INFO  checkout-api health check ok
2026-08-01 18:00:34 WARN  checkout-api deprecated endpoint called
2026-08-01 18:00:38 INFO  mailer background job finished
2026-08-01 18:01:26 INFO  checkout-api cache hit for key user:1496
2026-08-01 18:02:14 ERROR search connection refused to postgres
2026-08-01 18:02:20 INFO  mailer background job finished
2026-08-01 18:02:50 INFO  checkout-api health check ok
2026-08-01 18:03:20 INFO  mailer cache hit for key user:3967
2026-08-01 18:03:23 INFO  mailer request completed in 4140ms
2026-08-01 18:04:10 INFO  mailer request completed in 1883ms
2026-08-01 18:04:40 WARN  checkout-api retrying upstream call, attempt 3
2026-08-01 18:04:57 WARN  checkout-api deprecated endpoint called
2026-08-01 18:05:10 INFO  checkout-api request completed in 1012ms
2026-08-01 18:05:46 ERROR search disk write failed
2026-08-01 18:05:50 WARN  search slow query took 3740ms
2026-08-01 18:05:59 ERROR inventory disk write failed
2026-08-01 18:06:24 INFO  inventory cache hit for key user:5651
2026-08-01 18:06:44 INFO  inventory background job finished
2026-08-01 18:07:03 INFO  auth-service health check ok
2026-08-01 18:07:08 INFO  search background job finished
2026-08-01 18:07:47 INFO  search cache hit for key user:7853
2026-08-01 18:08:07 ERROR search connection refused to postgres
2026-08-01 18:08:16 INFO  inventory config reloaded
2026-08-01 18:08:37 INFO  inventory request completed in 3770ms
2026-08-01 18:09:23 INFO  checkout-api cache hit for key user:8328
2026-08-01 18:09:36 INFO  search config reloaded
2026-08-01 18:10:17 ERROR mailer invalid payload rejected
2026-08-01 18:10:32 INFO  search config reloaded
2026-08-01 18:11:15 INFO  inventory config reloaded
2026-08-01 18:11:54 INFO  auth-service config reloaded
2026-08-01 18:11:59 INFO  auth-service background job finished
2026-08-01 18:12:44 INFO  mailer health check ok
2026-08-01 18:12:53 ERROR checkout-api token validation failed
2026-08-01 18:13:08 INFO  auth-service health check ok
2026-08-01 18:13:15 ERROR auth-service invalid payload rejected
2026-08-01 18:13:47 INFO  search cache hit for key user:1305
2026-08-01 18:14:01 ERROR search disk write failed
2026-08-01 18:14:15 INFO  auth-service background job finished
2026-08-01 18:14:41 INFO  mailer request completed in 3384ms
2026-08-01 18:14:54 INFO  checkout-api health check ok
2026-08-01 18:15:29 INFO  mailer request completed in 1154ms
2026-08-01 18:16:18 INFO  mailer health check ok
2026-08-01 18:17:03 INFO  search config reloaded
2026-08-01 18:17:14 WARN  checkout-api deprecated endpoint called
2026-08-01 18:17:29 INFO  auth-service config reloaded
2026-08-01 18:18:15 WARN  mailer deprecated endpoint called
2026-08-01 18:18:32 INFO  auth-service request completed in 1163ms
2026-08-01 18:18:50 INFO  auth-service config reloaded
2026-08-01 18:19:31 INFO  inventory health check ok
2026-08-01 18:20:08 INFO  inventory request completed in 3256ms
2026-08-01 18:20:50 ERROR search invalid payload rejected
2026-08-01 18:21:34 INFO  mailer request completed in 984ms
2026-08-01 18:22:20 INFO  mailer background job finished
2026-08-01 18:22:58 INFO  mailer background job finished
2026-08-01 18:23:29 WARN  checkout-api deprecated endpoint called
2026-08-01 18:23:57 INFO  mailer cache hit for key user:1413
2026-08-01 18:24:10 INFO  auth-service cache hit for key user:9535
2026-08-01 18:24:14 INFO  search config reloaded
2026-08-01 18:24:37 WARN  mailer deprecated endpoint called
2026-08-01 18:25:22 INFO  mailer background job finished
2026-08-01 18:25:24 INFO  auth-service request completed in 3002ms
2026-08-01 18:25:58 INFO  inventory request completed in 23ms
2026-08-01 18:26:16 INFO  mailer cache hit for key user:8781
2026-08-01 18:26:46 ERROR checkout-api connection refused to postgres
2026-08-01 18:27:02 WARN  mailer connection pool at 94% capacity
2026-08-01 18:27:52 INFO  mailer health check ok
2026-08-01 18:28:16 INFO  inventory background job finished
2026-08-01 18:28:44 INFO  inventory config reloaded
2026-08-01 18:29:02 WARN  mailer deprecated endpoint called
2026-08-01 18:29:48 INFO  checkout-api request completed in 2168ms
2026-08-01 18:30:02 INFO  inventory request completed in 255ms
2026-08-01 18:30:15 INFO  search request completed in 3882ms
2026-08-01 18:30:26 ERROR checkout-api disk write failed
2026-08-01 18:31:15 INFO  checkout-api cache hit for key user:8390
2026-08-01 18:31:37 ERROR checkout-api connection refused to postgres
2026-08-01 18:32:16 ERROR search token validation failed
2026-08-01 18:33:00 WARN  search deprecated endpoint called
2026-08-01 18:33:15 INFO  mailer config reloaded
2026-08-01 18:33:33 INFO  inventory config reloaded
2026-08-01 18:34:09 ERROR search token validation failed
2026-08-01 18:34:18 INFO  checkout-api request completed in 344ms
2026-08-01 18:34:55 INFO  checkout-api config reloaded
2026-08-01 18:35:15 INFO  mailer config reloaded
2026-08-01 18:35:30 INFO  inventory health check ok
2026-08-01 18:35:57 INFO  inventory cache hit for key user:6221
2026-08-01 18:36:11 INFO  inventory background job finished
2026-08-01 18:36:29 WARN  inventory deprecated endpoint called
2026-08-01 18:37:16 WARN  auth-service slow query took 4130ms
2026-08-01 18:37:18 INFO  search background job finished
2026-08-01 18:37:24 INFO  inventory config reloaded
2026-08-01 18:37:56 INFO  mailer background job finished
2026-08-01 18:38:16 INFO  inventory health check ok
2026-08-01 18:38:33 INFO  search request completed in 848ms
2026-08-01 18:38:36 INFO  auth-service config reloaded
2026-08-01 18:38:39 INFO  auth-service config reloaded
2026-08-01 18:38:48 INFO  mailer config reloaded
2026-08-01 18:39:06 INFO  auth-service request completed in 3291ms
2026-08-01 18:39:17 INFO  checkout-api health check ok
2026-08-01 18:39:43 INFO  search request completed in 1363ms
2026-08-01 18:39:55 INFO  checkout-api config reloaded
2026-08-01 18:40:11 INFO  mailer config reloaded
2026-08-01 18:40:33 INFO  inventory cache hit for key user:2996
2026-08-01 18:40:53 ERROR search upstream timeout after 2645ms
2026-08-01 18:41:26 INFO  mailer config reloaded
2026-08-01 18:41:59 ERROR inventory upstream timeout after 1784ms
2026-08-01 18:42:06 ERROR inventory invalid payload rejected
2026-08-01 18:42:40 INFO  mailer cache hit for key user:3174
2026-08-01 18:42:56 INFO  auth-service config reloaded
2026-08-01 18:43:28 WARN  checkout-api retrying upstream call, attempt 3
2026-08-01 18:44:16 INFO  mailer config reloaded
2026-08-01 18:44:22 WARN  checkout-api connection pool at 95% capacity
2026-08-01 18:45:07 WARN  inventory slow query took 1666ms
2026-08-01 18:45:13 INFO  inventory health check ok
2026-08-01 18:45:41 WARN  auth-service slow query took 2463ms
2026-08-01 18:46:11 INFO  search config reloaded
2026-08-01 18:46:17 INFO  inventory config reloaded
2026-08-01 18:47:05 INFO  inventory background job finished
2026-08-01 18:47:31 INFO  auth-service health check ok
2026-08-01 18:48:20 INFO  search cache hit for key user:9919
2026-08-01 18:48:34 INFO  checkout-api background job finished
2026-08-01 18:48:47 WARN  search retrying upstream call, attempt 5
2026-08-01 18:49:13 INFO  search health check ok
2026-08-01 18:49:28 INFO  checkout-api health check ok
2026-08-01 18:49:54 WARN  search deprecated endpoint called
2026-08-01 18:50:24 INFO  search config reloaded
2026-08-01 18:51:00 INFO  mailer background job finished
2026-08-01 18:51:40 INFO  checkout-api config reloaded
2026-08-01 18:52:04 INFO  search config reloaded
2026-08-01 18:52:44 INFO  search health check ok
2026-08-01 18:53:03 INFO  mailer config reloaded
2026-08-01 18:53:18 WARN  checkout-api deprecated endpoint called
2026-08-01 18:53:34 INFO  auth-service background job finished
2026-08-01 18:54:02 INFO  search config reloaded
2026-08-01 18:54:25 INFO  checkout-api request completed in 898ms
2026-08-01 18:54:29 INFO  mailer background job finished
2026-08-01 18:55:15 INFO  checkout-api health check ok
2026-08-01 18:55:38 ERROR inventory invalid payload rejected
2026-08-01 18:55:49 WARN  mailer deprecated endpoint called
2026-08-01 18:56:14 INFO  auth-service request completed in 539ms
2026-08-01 18:56:52 ERROR checkout-api upstream timeout after 731ms
2026-08-01 18:57:35 ERROR checkout-api disk write failed
2026-08-01 18:58:12 INFO  mailer background job finished
2026-08-01 18:58:31 INFO  search health check ok
2026-08-01 18:58:55 INFO  search request completed in 4111ms
2026-08-01 18:59:06 INFO  checkout-api background job finished
2026-08-01 18:59:27 INFO  inventory health check ok
2026-08-01 19:00:03 INFO  inventory health check ok
2026-08-01 19:00:40 INFO  checkout-api config reloaded
2026-08-01 19:01:07 INFO  checkout-api health check ok
2026-08-01 19:01:53 INFO  checkout-api background job finished
2026-08-01 19:01:59 INFO  auth-service health check ok
2026-08-01 19:02:27 INFO  mailer config reloaded
2026-08-01 19:03:11 INFO  auth-service cache hit for key user:1665
2026-08-01 19:03:18 INFO  mailer background job finished
2026-08-01 19:03:23 INFO  search health check ok
2026-08-01 19:04:00 ERROR search connection refused to postgres
2026-08-01 19:04:17 INFO  inventory cache hit for key user:1399
2026-08-01 19:04:39 INFO  inventory health check ok
2026-08-01 19:04:55 INFO  auth-service config reloaded
2026-08-01 19:05:39 INFO  inventory background job finished
2026-08-01 19:06:10 ERROR auth-service connection refused to postgres
2026-08-01 19:06:48 INFO  auth-service config reloaded
2026-08-01 19:07:33 ERROR checkout-api connection refused to postgres
2026-08-01 19:08:05 INFO  mailer config reloaded
2026-08-01 19:08:14 INFO  auth-service config reloaded
2026-08-01 19:08:55 WARN  inventory retrying upstream call, attempt 2
2026-08-01 19:09:27 INFO  auth-service cache hit for key user:1257
2026-08-01 19:10:11 INFO  auth-service background job finished
2026-08-01 19:10:22 INFO  search config reloaded
2026-08-01 19:10:50 INFO  search request completed in 1384ms
2026-08-01 19:11:10 INFO  checkout-api config reloaded
2026-08-01 19:11:43 ERROR search token validation failed
2026-08-01 19:11:53 INFO  checkout-api health check ok
2026-08-01 19:12:06 INFO  auth-service cache hit for key user:5018
2026-08-01 19:12:13 INFO  inventory request completed in 731ms
2026-08-01 19:12:25 INFO  search background job finished
2026-08-01 19:12:43 WARN  mailer deprecated endpoint called
2026-08-01 19:13:30 INFO  auth-service config reloaded
2026-08-01 19:14:13 INFO  mailer health check ok
2026-08-01 19:14:53 INFO  auth-service request completed in 163ms
2026-08-01 19:14:56 INFO  checkout-api config reloaded
2026-08-01 19:15:11 WARN  inventory retrying upstream call, attempt 3
2026-08-01 19:15:59 INFO  search request completed in 3383ms
2026-08-01 19:16:26 INFO  search config reloaded
2026-08-01 19:16:55 ERROR checkout-api token validation failed
2026-08-01 19:17:29 INFO  auth-service config reloaded
2026-08-01 19:17:42 INFO  inventory config reloaded
2026-08-01 19:18:25 WARN  mailer connection pool at 81% capacity
2026-08-01 19:19:06 WARN  mailer connection pool at 91% capacity
2026-08-01 19:19:26 INFO  checkout-api cache hit for key user:7546
2026-08-01 19:20:15 INFO  inventory config reloaded
2026-08-01 19:20:30 ERROR inventory invalid payload rejected
2026-08-01 19:21:03 INFO  search cache hit for key user:1080
2026-08-01 19:21:08 INFO  search cache hit for key user:1792
2026-08-01 19:21:56 INFO  mailer background job finished
2026-08-01 19:22:35 INFO  inventory config reloaded
2026-08-01 19:22:52 INFO  checkout-api background job finished
2026-08-01 19:22:54 ERROR search disk write failed
2026-08-01 19:22:58 INFO  mailer config reloaded
2026-08-01 19:23:30 ERROR checkout-api connection refused to postgres
2026-08-01 19:24:06 INFO  auth-service background job finished
2026-08-01 19:24:28 INFO  auth-service cache hit for key user:7915
2026-08-01 19:25:14 WARN  auth-service slow query took 1927ms
2026-08-01 19:25:51 WARN  mailer connection pool at 89% capacity
2026-08-01 19:26:35 INFO  checkout-api config reloaded
2026-08-01 19:27:17 WARN  checkout-api slow query took 2319ms
2026-08-01 19:27:33 INFO  mailer request completed in 3221ms
2026-08-01 19:27:51 INFO  inventory config reloaded
2026-08-01 19:28:09 WARN  auth-service slow query took 4083ms
2026-08-01 19:28:13 INFO  checkout-api cache hit for key user:6656
2026-08-01 19:28:47 INFO  checkout-api cache hit for key user:2882
2026-08-01 19:28:59 INFO  auth-service background job finished
2026-08-01 19:29:32 INFO  search request completed in 3444ms
2026-08-01 19:30:07 WARN  mailer connection pool at 89% capacity
2026-08-01 19:30:38 INFO  mailer background job finished
2026-08-01 19:30:47 INFO  search cache hit for key user:7405
2026-08-01 19:31:17 INFO  mailer request completed in 3455ms
2026-08-01 19:32:05 INFO  checkout-api health check ok
2026-08-01 19:32:09 ERROR inventory upstream timeout after 2872ms
2026-08-01 19:32:17 WARN  auth-service slow query took 1439ms
2026-08-01 19:32:55 INFO  auth-service cache hit for key user:5317
2026-08-01 19:33:21 WARN  inventory slow query took 2236ms
2026-08-01 19:33:29 INFO  search request completed in 125ms
2026-08-01 19:33:33 WARN  inventory retrying upstream call, attempt 4
2026-08-01 19:33:42 INFO  inventory background job finished
2026-08-01 19:33:54 WARN  mailer deprecated endpoint called
2026-08-01 19:34:35 INFO  mailer cache hit for key user:9728
2026-08-01 19:34:52 INFO  auth-service config reloaded
2026-08-01 19:35:38 INFO  mailer request completed in 1929ms
2026-08-01 19:36:04 INFO  search cache hit for key user:8153
2026-08-01 19:36:13 INFO  mailer config reloaded
2026-08-01 19:36:36 INFO  inventory background job finished
2026-08-01 19:37:25 INFO  auth-service cache hit for key user:5193
2026-08-01 19:37:52 INFO  mailer health check ok
2026-08-01 19:38:00 INFO  checkout-api health check ok
2026-08-01 19:38:44 INFO  mailer background job finished
2026-08-01 19:39:01 ERROR search token validation failed
2026-08-01 19:39:51 WARN  inventory connection pool at 82% capacity
2026-08-01 19:40:41 INFO  search cache hit for key user:9663
2026-08-01 19:41:06 INFO  checkout-api request completed in 1132ms
2026-08-01 19:41:08 INFO  inventory health check ok
2026-08-01 19:41:51 INFO  inventory health check ok
2026-08-01 19:42:05 ERROR auth-service token validation failed
2026-08-01 19:42:21 WARN  auth-service slow query took 1959ms
2026-08-01 19:42:52 INFO  inventory cache hit for key user:6702
2026-08-01 19:42:58 INFO  search background job finished
2026-08-01 19:43:47 INFO  mailer health check ok
2026-08-01 19:43:58 INFO  auth-service cache hit for key user:6421
2026-08-01 19:44:38 INFO  auth-service config reloaded
2026-08-01 19:44:59 INFO  auth-service cache hit for key user:7023
2026-08-01 19:45:05 INFO  auth-service background job finished
2026-08-01 19:45:21 INFO  auth-service cache hit for key user:8630
2026-08-01 19:45:27 ERROR search invalid payload rejected
2026-08-01 19:45:41 INFO  mailer cache hit for key user:7647
2026-08-01 19:46:20 INFO  inventory background job finished
2026-08-01 19:46:55 WARN  inventory retrying upstream call, attempt 3
2026-08-01 19:47:32 WARN  inventory connection pool at 94% capacity
2026-08-01 19:48:05 INFO  mailer health check ok
2026-08-01 19:48:35 INFO  search background job finished
2026-08-01 19:49:13 WARN  inventory connection pool at 98% capacity
2026-08-01 19:49:39 INFO  mailer health check ok
2026-08-01 19:50:26 INFO  search config reloaded
2026-08-01 19:50:55 INFO  mailer background job finished
2026-08-01 19:50:56 ERROR search disk write failed
2026-08-01 19:50:59 WARN  mailer retrying upstream call, attempt 4
2026-08-01 19:51:06 INFO  inventory background job finished
2026-08-01 19:51:18 INFO  search background job finished
2026-08-01 19:51:55 WARN  mailer retrying upstream call, attempt 2
2026-08-01 19:52:03 INFO  mailer background job finished
2026-08-01 19:52:10 INFO  mailer request completed in 94ms
2026-08-01 19:52:32 ERROR auth-service disk write failed
2026-08-01 19:52:51 INFO  checkout-api request completed in 813ms
2026-08-01 19:53:03 WARN  checkout-api slow query took 2047ms
2026-08-01 19:53:48 INFO  auth-service request completed in 1217ms
2026-08-01 19:54:00 INFO  mailer cache hit for key user:9438
2026-08-01 19:54:06 INFO  auth-service config reloaded
2026-08-01 19:54:11 INFO  search cache hit for key user:8342
2026-08-01 19:54:17 INFO  checkout-api cache hit for key user:6745
2026-08-01 19:54:30 INFO  checkout-api cache hit for key user:9303
2026-08-01 19:55:07 INFO  search background job finished
2026-08-01 19:55:43 INFO  auth-service background job finished
2026-08-01 19:55:50 WARN  checkout-api slow query took 1004ms
2026-08-01 19:56:17 WARN  search deprecated endpoint called
2026-08-01 19:56:34 INFO  auth-service background job finished
2026-08-01 19:57:01 INFO  auth-service config reloaded
2026-08-01 19:57:28 WARN  inventory slow query took 3537ms
2026-08-01 19:57:52 INFO  auth-service cache hit for key user:8888
2026-08-01 19:58:22 ERROR search upstream timeout after 1254ms
2026-08-01 19:59:04 INFO  inventory background job finished
2026-08-01 19:59:43 INFO  auth-service config reloaded
2026-08-01 20:00:07 WARN  search retrying upstream call, attempt 4
2026-08-01 20:00:11 INFO  auth-service config reloaded
2026-08-01 20:00:52 INFO  checkout-api config reloaded
2026-08-01 20:01:00 WARN  mailer connection pool at 83% capacity
2026-08-01 20:01:16 INFO  mailer health check ok
2026-08-01 20:01:27 INFO  auth-service request completed in 2029ms
2026-08-01 20:01:43 INFO  inventory health check ok
2026-08-01 20:02:27 INFO  search background job finished
2026-08-01 20:03:15 INFO  checkout-api background job finished
2026-08-01 20:03:56 INFO  auth-service cache hit for key user:7670
2026-08-01 20:04:29 INFO  auth-service background job finished
2026-08-01 20:05:01 ERROR search invalid payload rejected
2026-08-01 20:05:45 INFO  inventory background job finished
2026-08-01 20:06:11 INFO  search background job finished
2026-08-01 20:07:00 ERROR search invalid payload rejected
2026-08-01 20:07:14 WARN  mailer deprecated endpoint called
2026-08-01 20:07:57 INFO  auth-service config reloaded
2026-08-01 20:08:30 INFO  checkout-api cache hit for key user:3624
2026-08-01 20:09:06 INFO  search cache hit for key user:8634
2026-08-01 20:09:53 INFO  search request completed in 3152ms
2026-08-01 20:10:14 INFO  mailer cache hit for key user:6672
2026-08-01 20:10:59 INFO  inventory cache hit for key user:6755
2026-08-01 20:11:33 INFO  search config reloaded
2026-08-01 20:12:19 INFO  search health check ok
2026-08-01 20:12:36 ERROR checkout-api connection refused to postgres
2026-08-01 20:12:54 WARN  checkout-api deprecated endpoint called
2026-08-01 20:13:33 INFO  mailer background job finished
2026-08-01 20:14:06 INFO  inventory health check ok
2026-08-01 20:14:32 INFO  checkout-api cache hit for key user:9928
2026-08-01 20:15:14 INFO  inventory config reloaded
2026-08-01 20:15:36 INFO  inventory config reloaded
2026-08-01 20:16:16 INFO  checkout-api request completed in 927ms
2026-08-01 20:16:50 INFO  inventory health check ok
2026-08-01 20:17:25 INFO  auth-service health check ok
2026-08-01 20:17:31 WARN  auth-service slow query took 3098ms
2026-08-01 20:18:03 INFO  inventory config reloaded
2026-08-01 20:18:32 INFO  mailer background job finished
2026-08-01 20:19:05 INFO  auth-service request completed in 1743ms
2026-08-01 20:19:49 INFO  inventory request completed in 314ms
2026-08-01 20:19:56 ERROR inventory disk write failed
2026-08-01 20:19:57 WARN  mailer slow query took 376ms
2026-08-01 20:20:28 INFO  auth-service config reloaded
2026-08-01 20:20:46 INFO  auth-service request completed in 138ms
2026-08-01 20:21:00 WARN  auth-service deprecated endpoint called
2026-08-01 20:21:17 WARN  checkout-api deprecated endpoint called
2026-08-01 20:21:55 ERROR search token validation failed
2026-08-01 20:22:08 INFO  inventory config reloaded
2026-08-01 20:22:28 INFO  inventory background job finished
2026-08-01 20:23:00 INFO  checkout-api config reloaded
2026-08-01 20:23:40 WARN  search retrying upstream call, attempt 2
2026-08-01 20:24:14 ERROR search disk write failed
2026-08-01 20:25:03 WARN  mailer deprecated endpoint called
2026-08-01 20:25:42 ERROR search invalid payload rejected
2026-08-01 20:26:24 INFO  inventory config reloaded
2026-08-01 20:26:32 WARN  auth-service retrying upstream call, attempt 3
2026-08-01 20:26:49 INFO  search health check ok
2026-08-01 20:27:16 INFO  mailer cache hit for key user:8970
2026-08-01 20:27:48 WARN  inventory connection pool at 85% capacity
2026-08-01 20:28:36 INFO  inventory config reloaded
2026-08-01 20:29:22 INFO  mailer background job finished
2026-08-01 20:30:12 INFO  mailer config reloaded
2026-08-01 20:30:52 INFO  mailer background job finished
2026-08-01 20:31:12 INFO  checkout-api request completed in 1964ms
2026-08-01 20:31:57 INFO  auth-service request completed in 1400ms
2026-08-01 20:32:08 ERROR auth-service token validation failed
2026-08-01 20:32:42 INFO  checkout-api request completed in 971ms
2026-08-01 20:33:15 WARN  auth-service deprecated endpoint called
2026-08-01 20:33:56 INFO  auth-service background job finished
2026-08-01 20:34:09 INFO  search request completed in 283ms
2026-08-01 20:34:21 INFO  auth-service request completed in 1650ms
2026-08-01 20:35:04 INFO  checkout-api background job finished
2026-08-01 20:35:50 INFO  inventory health check ok
2026-08-01 20:36:25 INFO  inventory background job finished
2026-08-01 20:36:56 INFO  checkout-api health check ok
2026-08-01 20:37:01 INFO  inventory health check ok
2026-08-01 20:37:05 INFO  search background job finished
2026-08-01 20:37:25 WARN  mailer slow query took 408ms
2026-08-01 20:37:34 INFO  mailer cache hit for key user:3507
2026-08-01 20:38:19 INFO  mailer request completed in 2761ms
2026-08-01 20:38:23 INFO  inventory health check ok
2026-08-01 20:38:45 INFO  search request completed in 4149ms
2026-08-01 20:39:01 INFO  search cache hit for key user:6711
2026-08-01 20:39:47 ERROR inventory token validation failed
2026-08-01 20:40:35 ERROR checkout-api upstream timeout after 1017ms
2026-08-01 20:41:02 WARN  checkout-api deprecated endpoint called
2026-08-01 20:41:48 INFO  checkout-api cache hit for key user:8569
2026-08-01 20:42:33 INFO  checkout-api cache hit for key user:7909
2026-08-01 20:43:21 INFO  mailer request completed in 3933ms
2026-08-01 20:43:49 INFO  search health check ok
2026-08-01 20:44:26 WARN  inventory connection pool at 86% capacity
2026-08-01 20:44:48 INFO  search background job finished
2026-08-01 20:45:02 INFO  checkout-api request completed in 843ms
2026-08-01 20:45:51 INFO  inventory background job finished
2026-08-01 20:46:03 ERROR search token validation failed
2026-08-01 20:46:26 INFO  inventory config reloaded
2026-08-01 20:46:41 ERROR search token validation failed
2026-08-01 20:47:12 INFO  auth-service health check ok
2026-08-01 20:47:50 INFO  inventory config reloaded
2026-08-01 20:47:53 INFO  mailer cache hit for key user:5818
2026-08-01 20:48:35 INFO  search config reloaded
2026-08-01 20:49:17 INFO  checkout-api cache hit for key user:2230
2026-08-01 20:49:31 WARN  mailer retrying upstream call, attempt 4
2026-08-01 20:49:54 INFO  search request completed in 3478ms
2026-08-01 20:50:00 INFO  auth-service cache hit for key user:5435
2026-08-01 20:50:11 ERROR search token validation failed
2026-08-01 20:50:55 INFO  search health check ok
2026-08-01 20:51:37 INFO  inventory health check ok
2026-08-01 20:51:55 INFO  checkout-api health check ok
2026-08-01 20:52:33 INFO  inventory config reloaded
2026-08-01 20:53:11 INFO  search background job finished
2026-08-01 20:53:47 INFO  checkout-api request completed in 651ms
2026-08-01 20:54:36 INFO  checkout-api health check ok
2026-08-01 20:55:24 WARN  checkout-api slow query took 2406ms
2026-08-01 20:55:45 INFO  mailer cache hit for key user:9234
2026-08-01 20:56:34 INFO  search config reloaded
2026-08-01 20:57:23 INFO  auth-service config reloaded
2026-08-01 20:58:06 INFO  checkout-api config reloaded
2026-08-01 20:58:47 INFO  checkout-api config reloaded
2026-08-01 20:58:53 WARN  checkout-api slow query took 2650ms
2026-08-01 20:59:00 INFO  checkout-api cache hit for key user:3119
2026-08-01 20:59:18 INFO  search request completed in 964ms
2026-08-01 20:59:23 INFO  inventory config reloaded
2026-08-01 21:00:01 INFO  mailer cache hit for key user:8500
2026-08-01 21:00:10 INFO  auth-service request completed in 1157ms
2026-08-01 21:01:00 INFO  mailer request completed in 513ms
2026-08-01 21:01:27 INFO  mailer config reloaded
2026-08-01 21:01:34 INFO  search config reloaded
2026-08-01 21:01:36 INFO  mailer health check ok
2026-08-01 21:01:50 ERROR search upstream timeout after 1637ms
2026-08-01 21:02:19 WARN  auth-service retrying upstream call, attempt 2
2026-08-01 21:03:00 INFO  inventory health check ok
2026-08-01 21:03:43 INFO  auth-service health check ok
2026-08-01 21:04:24 INFO  mailer health check ok
2026-08-01 21:04:35 WARN  checkout-api connection pool at 94% capacity
2026-08-01 21:05:15 INFO  auth-service health check ok
2026-08-01 21:05:35 WARN  inventory connection pool at 84% capacity
2026-08-01 21:05:44 INFO  search health check ok
2026-08-01 21:06:28 INFO  search request completed in 1138ms
2026-08-01 21:06:30 INFO  checkout-api request completed in 3906ms
2026-08-01 21:07:12 INFO  mailer cache hit for key user:2862
2026-08-01 21:07:57 INFO  checkout-api health check ok
2026-08-01 21:08:21 INFO  inventory request completed in 2233ms
2026-08-01 21:08:40 WARN  mailer retrying upstream call, attempt 4
2026-08-01 21:09:23 INFO  checkout-api background job finished
2026-08-01 21:09:25 INFO  inventory config reloaded
2026-08-01 21:10:11 INFO  search health check ok
2026-08-01 21:10:18 INFO  checkout-api cache hit for key user:3315
2026-08-01 21:10:56 WARN  inventory retrying upstream call, attempt 3
2026-08-01 21:11:31 INFO  checkout-api cache hit for key user:9094
2026-08-01 21:12:21 INFO  auth-service background job finished
2026-08-01 21:12:53 INFO  auth-service request completed in 398ms
2026-08-01 21:13:08 INFO  inventory background job finished
2026-08-01 21:13:55 INFO  mailer cache hit for key user:8419
2026-08-01 21:14:44 INFO  mailer cache hit for key user:8915
2026-08-01 21:15:25 INFO  auth-service request completed in 1571ms
2026-08-01 21:15:47 INFO  inventory health check ok
2026-08-01 21:15:48 WARN  search connection pool at 80% capacity
2026-08-01 21:16:16 INFO  inventory health check ok
2026-08-01 21:16:29 INFO  mailer config reloaded
2026-08-01 21:16:57 ERROR checkout-api disk write failed
2026-08-01 21:17:02 INFO  mailer config reloaded
2026-08-01 21:17:39 INFO  auth-service health check ok
2026-08-01 21:18:00 INFO  inventory background job finished
2026-08-01 21:18:20 WARN  inventory deprecated endpoint called
2026-08-01 21:18:36 INFO  auth-service health check ok
2026-08-01 21:19:26 ERROR inventory disk write failed
2026-08-01 21:20:05 INFO  mailer health check ok
2026-08-01 21:20:47 INFO  mailer cache hit for key user:1501
2026-08-01 21:20:50 INFO  search background job finished
2026-08-01 21:21:27 INFO  checkout-api config reloaded
2026-08-01 21:21:31 INFO  inventory background job finished
2026-08-01 21:21:35 INFO  search config reloaded
2026-08-01 21:22:18 INFO  mailer health check ok
2026-08-01 21:22:45 INFO  inventory cache hit for key user:1263
2026-08-01 21:23:17 WARN  search retrying upstream call, attempt 4
2026-08-01 21:23:41 INFO  checkout-api background job finished
2026-08-01 21:24:25 INFO  mailer config reloaded
2026-08-01 21:25:13 INFO  mailer cache hit for key user:1765
2026-08-01 21:25:43 INFO  search config reloaded
2026-08-01 21:25:44 INFO  checkout-api cache hit for key user:9650
2026-08-01 21:26:16 INFO  checkout-api background job finished
2026-08-01 21:26:34 INFO  search cache hit for key user:3454
2026-08-01 21:26:55 INFO  checkout-api config reloaded
2026-08-01 21:27:30 INFO  checkout-api background job finished
2026-08-01 21:28:02 INFO  auth-service health check ok
2026-08-01 21:28:23 INFO  auth-service config reloaded
2026-08-01 21:29:02 WARN  search slow query took 2000ms
2026-08-01 21:29:42 INFO  inventory background job finished
2026-08-01 21:29:59 WARN  mailer connection pool at 81% capacity
2026-08-01 21:30:30 INFO  auth-service background job finished
2026-08-01 21:31:08 INFO  checkout-api request completed in 4200ms
2026-08-01 21:31:13 ERROR auth-service upstream timeout after 3064ms
2026-08-01 21:31:57 WARN  inventory connection pool at 84% capacity
2026-08-01 21:32:26 WARN  auth-service slow query took 2967ms
2026-08-01 21:33:05 WARN  inventory slow query took 1884ms
2026-08-01 21:33:17 INFO  mailer config reloaded
2026-08-01 21:33:32 INFO  search cache hit for key user:5439
2026-08-01 21:34:00 INFO  inventory cache hit for key user:6035
2026-08-01 21:34:50 INFO  checkout-api health check ok
2026-08-01 21:34:56 INFO  inventory config reloaded
2026-08-01 21:35:02 WARN  inventory deprecated endpoint called
2026-08-01 21:35:31 INFO  search cache hit for key user:6922
2026-08-01 21:36:10 INFO  mailer config reloaded
2026-08-01 21:36:13 WARN  inventory retrying upstream call, attempt 2
2026-08-01 21:37:01 INFO  checkout-api health check ok
2026-08-01 21:37:23 INFO  search cache hit for key user:8104
2026-08-01 21:37:33 INFO  mailer request completed in 924ms
2026-08-01 21:37:57 ERROR checkout-api upstream timeout after 171ms
2026-08-01 21:38:17 INFO  inventory cache hit for key user:8739
2026-08-01 21:38:38 INFO  auth-service background job finished
2026-08-01 21:38:59 INFO  mailer request completed in 2057ms
2026-08-01 21:39:22 INFO  mailer background job finished
2026-08-01 21:39:40 INFO  auth-service request completed in 2876ms
2026-08-01 21:39:44 ERROR auth-service token validation failed
2026-08-01 21:39:54 INFO  mailer request completed in 691ms
2026-08-01 21:40:08 ERROR inventory invalid payload rejected
2026-08-01 21:40:20 INFO  mailer background job finished
2026-08-01 21:40:57 INFO  auth-service cache hit for key user:6229
2026-08-01 21:41:14 ERROR search invalid payload rejected
2026-08-01 21:41:38 INFO  inventory cache hit for key user:4858
2026-08-01 21:42:06 INFO  auth-service health check ok
2026-08-01 21:42:29 ERROR checkout-api upstream timeout after 4064ms
2026-08-01 21:43:09 INFO  auth-service background job finished
2026-08-01 21:43:56 INFO  search config reloaded
2026-08-01 21:43:59 INFO  checkout-api background job finished
2026-08-01 21:44:24 INFO  mailer request completed in 2690ms
2026-08-01 21:45:00 INFO  auth-service request completed in 809ms
2026-08-01 21:45:46 INFO  search cache hit for key user:7669
2026-08-01 21:46:21 INFO  inventory config reloaded
2026-08-01 21:46:38 ERROR search disk write failed
2026-08-01 21:47:14 INFO  search background job finished
2026-08-01 21:47:18 INFO  mailer health check ok
2026-08-01 21:47:31 INFO  mailer health check ok
2026-08-01 21:47:45 WARN  search deprecated endpoint called
2026-08-01 21:48:05 INFO  checkout-api background job finished
2026-08-01 21:48:24 INFO  inventory request completed in 3080ms
2026-08-01 21:48:30 ERROR checkout-api disk write failed
2026-08-01 21:49:00 WARN  mailer slow query took 1814ms
2026-08-01 21:49:04 INFO  search request completed in 3798ms
2026-08-01 21:49:38 ERROR mailer upstream timeout after 3151ms
2026-08-01 21:49:44 INFO  inventory cache hit for key user:8116
2026-08-01 21:50:29 INFO  checkout-api background job finished
2026-08-01 21:51:04 INFO  inventory request completed in 2890ms
2026-08-01 21:51:24 INFO  checkout-api config reloaded
2026-08-01 21:51:33 INFO  mailer request completed in 1863ms
2026-08-01 21:52:05 WARN  inventory slow query took 2492ms
2026-08-01 21:52:09 INFO  inventory cache hit for key user:2412
2026-08-01 21:52:43 INFO  mailer request completed in 1484ms
2026-08-01 21:53:10 INFO  auth-service config reloaded
2026-08-01 21:53:35 WARN  inventory retrying upstream call, attempt 2
2026-08-01 21:53:50 INFO  mailer health check ok
2026-08-01 21:53:56 INFO  search config reloaded
2026-08-01 21:54:02 INFO  auth-service config reloaded
2026-08-01 21:54:43 INFO  mailer cache hit for key user:3815
2026-08-01 21:55:12 INFO  auth-service request completed in 3977ms
2026-08-01 21:55:17 INFO  auth-service background job finished
2026-08-01 21:55:20 WARN  mailer slow query took 1672ms
2026-08-01 21:55:58 INFO  checkout-api health check ok
2026-08-01 21:56:22 ERROR search invalid payload rejected
2026-08-01 21:56:45 INFO  checkout-api background job finished
2026-08-01 21:57:24 INFO  checkout-api cache hit for key user:1099
2026-08-01 21:57:34 WARN  checkout-api deprecated endpoint called
2026-08-01 21:58:03 INFO  auth-service request completed in 3305ms
2026-08-01 21:58:22 INFO  search request completed in 1053ms
2026-08-01 21:58:47 WARN  mailer deprecated endpoint called
2026-08-01 21:59:12 WARN  checkout-api connection pool at 98% capacity
2026-08-01 21:59:36 INFO  auth-service background job finished
2026-08-01 22:00:14 INFO  search background job finished
2026-08-01 22:00:39 INFO  mailer request completed in 2500ms
2026-08-01 22:00:53 INFO  inventory cache hit for key user:7881
2026-08-01 22:01:04 INFO  checkout-api background job finished
2026-08-01 22:01:49 WARN  mailer deprecated endpoint called
2026-08-01 22:02:12 INFO  mailer health check ok
2026-08-01 22:02:53 INFO  inventory health check ok
2026-08-01 22:03:11 INFO  checkout-api request completed in 996ms
2026-08-01 22:03:22 INFO  checkout-api config reloaded
2026-08-01 22:03:43 INFO  mailer background job finished
2026-08-01 22:04:06 INFO  search request completed in 2565ms
2026-08-01 22:04:27 INFO  mailer background job finished
2026-08-01 22:04:33 ERROR search token validation failed
2026-08-01 22:04:39 INFO  search request completed in 709ms
2026-08-01 22:04:50 INFO  auth-service config reloaded
2026-08-01 22:05:17 WARN  checkout-api connection pool at 81% capacity
2026-08-01 22:05:25 INFO  checkout-api health check ok
2026-08-01 22:05:44 ERROR auth-service invalid payload rejected
2026-08-01 22:06:30 INFO  search health check ok
2026-08-01 22:06:55 INFO  checkout-api cache hit for key user:9699
2026-08-01 22:07:17 WARN  auth-service retrying upstream call, attempt 3
2026-08-01 22:07:46 WARN  mailer deprecated endpoint called
2026-08-01 22:08:22 ERROR auth-service upstream timeout after 2278ms
2026-08-01 22:08:49 ERROR search token validation failed
2026-08-01 22:09:31 INFO  inventory background job finished
2026-08-01 22:09:45 INFO  search background job finished
2026-08-01 22:10:04 INFO  inventory cache hit for key user:8861
2026-08-01 22:10:24 INFO  checkout-api health check ok
2026-08-01 22:10:51 INFO  inventory request completed in 4081ms
2026-08-01 22:11:17 INFO  checkout-api request completed in 633ms
2026-08-01 22:11:30 INFO  mailer background job finished
2026-08-01 22:12:17 WARN  checkout-api slow query took 1224ms
2026-08-01 22:12:19 INFO  search config reloaded
2026-08-01 22:13:05 INFO  mailer config reloaded
2026-08-01 22:13:39 INFO  search request completed in 1665ms
2026-08-01 22:13:40 INFO  search cache hit for key user:8319
2026-08-01 22:14:15 INFO  inventory background job finished
2026-08-01 22:14:39 INFO  auth-service background job finished
